Name,Pos,Age,Gms,Gstart,MP,FG,FGA,FGP,ThreeP,ThreePA,ThreePP,TwoP,TwoPA,TwoPP,eFGP,FT,FTA,FTP,ORB,DRB,TRB,AST,STL,BLK,TOV,PF,PTS,TeamID,TEAM_ID
Alex Abrines,SG,24,75,8,1134,115,291,0.395,84,221,0.38,31,70.0,0.443,0.54,39,46.0,0.848,26,88,114,28,38.0,8.0,25.0,124.0,353.0,12,1610612760
Quincy Acy,PF,27,70,8,1359,130,365,0.356,102,292,0.349,28,73.0,0.384,0.496,49,60.0,0.817,40,217,257,57,33.0,29.0,60.0,149.0,411.0,14,1610612751
Steven Adams,C,24,76,76,2487,448,712,0.629,0,2,0.0,448,710.0,0.631,0.629,160,286.0,0.559,384,301,685,88,92.0,78.0,128.0,215.0,1056.0,12,1610612760
Bam Adebayo,C,20,69,19,1368,174,340,0.512,0,7,0.0,174,333.0,0.523,0.512,129,179.0,0.721,118,263,381,101,32.0,41.0,66.0,138.0,477.0,23,1610612748
Arron Afflalo,SG,32,53,3,682,65,162,0.401,27,70,0.386,38,92.0,0.413,0.485,22,26.0,0.846,4,62,66,30,4.0,9.0,21.0,56.0,179.0,24,1610612753
Cole Aldrich,C,29,21,0,49,5,15,0.333,0,0,5.0,15,0.333,0.333,2.0,6,0.333,3.0,12,15,3,2,1.0,1.0,11.0,12.0,385.0,8,1610612750
LaMarcus Aldridge,C,32,75,75,2509,687,1347,0.51,27,92,0.293,660,1255.0,0.526,0.52,334,399.0,0.837,246,389,635,152,43.0,90.0,111.0,161.0,1735.0,27,1610612759
Jarrett Allen,C,19,72,31,1441,234,397,0.589,5,15,0.333,229,382.0,0.599,0.596,114,147.0,0.776,144,244,388,49,28.0,88.0,82.0,147.0,587.0,14,1610612751
Kadeem Allen,PG,25,18,1,107,6,22,0.273,0,11,0.0,6,11.0,0.545,0.273,7,9.0,0.778,4,7,11,12,3.0,2.0,9.0,15.0,19.0,20,1610612738
Tony Allen,SF,36,22,0,273,44,91,0.484,4,12,0.333,40,79.0,0.506,0.505,11,21.0,0.524,20,27,47,9,11.0,3.0,19.0,49.0,103.0,3,1610612740
Al-Farouq Aminu,PF,27,69,67,2072,230,582,0.395,125,339,0.369,105,243.0,0.432,0.503,59,80.0,0.738,97,428,525,84,79.0,40.0,79.0,136.0,644.0,16,1610612757
Justin Anderson,SF,24,38,0,519,87,202,0.431,34,103,0.33,53,99.0,0.535,0.515,28,38.0,0.737,25,68,93,25,15.0,7.0,16.0,54.0,236.0,7,1610612755
Kyle Anderson,SF,24,74,67,1978,231,438,0.527,19,57,0.333,212,381.0,0.556,0.549,104,146.0,0.712,84,312,396,202,115.0,60.0,94.0,114.0,585.0,27,1610612759
Ryan Anderson,PF,29,66,50,1725,207,480,0.431,131,339,0.386,76,141.0,0.539,0.568,72,93.0,0.774,94,237,331,60,24.0,21.0,42.0,126.0,617.0,2,1610612745
Ike Anigbogu,C,19,11,0,30,4,9,0.444,0,0,4.0,9,0.444,0.444,5.0,6,0.833,5.0,4,9,0,1,3.0,2.0,1.0,13.0,385.0,17,1610612754
Giannis Antetokounmpo,PF,23,75,75,2756,742,1402,0.529,43,140,0.307,699,1262.0,0.554,0.545,487,641.0,0.76,156,597,753,361,109.0,106.0,223.0,231.0,2014.0,15,1610612749
Carmelo Anthony,PF,33,78,78,2501,472,1168,0.404,169,474,0.357,303,694.0,0.437,0.476,148,193.0,0.767,67,386,453,103,47.0,49.0,99.0,197.0,1261.0,12,1610612760
OG Anunoby,SF,20,74,62,1481,163,346,0.471,73,197,0.371,90,149.0,0.604,0.577,39,62.0,0.629,44,140,184,55,52.0,14.0,45.0,130.0,438.0,4,1610612761
Ryan Arcidiacono,PG,23,24,0,304,17,41,0.415,9,31,0.29,8,10.0,0.8,0.524,5,6.0,0.833,1,24,25,35,13.0,0.0,13.0,18.0,48.0,26,1610612741
Trevor Ariza,SF,32,67,67,2269,268,651,0.412,170,462,0.368,98,189.0,0.519,0.542,76,89.0,0.854,33,261,294,105,98.0,13.0,52.0,132.0,782.0,2,1610612745
Darrell Arthur,PF,29,19,1,141,22,47,0.468,8,23,0.348,14,24.0,0.583,0.553,2,3.0,0.667,3,12,15,9,8.0,3.0,15.0,22.0,54.0,6,1610612743
Jamel Artis,SG,25,15,1,279,31,79,0.392,8,29,0.276,23,50.0,0.46,0.443,7,12.0,0.583,4,34,38,18,2.0,3.0,8.0,11.0,77.0,24,1610612753
Omer Asik,C,31,14,0,121,7,16,0.438,0,0,7.0,16,0.438,0.438,4.0,12,0.333,7.0,30,37,2,1,2.0,5.0,14.0,18.0,385.0,3,1610612740
Omer Asik,C,31,4,0,61,2,6,0.333,0,0,2.0,6,0.333,0.333,0.0,1,0.0,2.0,8,10,1,1,2.0,4.0,6.0,4.0,385.0,26,1610612741
D.J. Augustin,PG,30,75,36,1760,244,540,0.452,114,272,0.419,130,268.0,0.485,0.557,164,189.0,0.868,30,130,160,287,54.0,0.0,123.0,94.0,766.0,24,1610612753
Luke Babbitt,SF,28,37,9,570,80,168,0.476,49,111,0.441,31,57.0,0.544,0.622,17,22.0,0.773,5,76,81,26,7.0,5.0,15.0,47.0,226.0,25,1610612737
Luke Babbitt,SF,28,13,5,145,11,47,0.234,11,45,0.244,0,2.0,0.0,0.351,0,0.0,2.0,13,15,5,1,2.0,4.0,7.0,33.0,385.0,23,1610612748
Dwayne Bacon,SG,22,53,6,713,72,192,0.375,11,43,0.256,61,149.0,0.409,0.404,20,25.0,0.8,4,120,124,38,16.0,2.0,23.0,46.0,175.0,10,1610612766
Ron Baker,SG,24,29,1,385,20,59,0.339,11,33,0.333,9,26.0,0.346,0.432,20,26.0,0.769,5,25,30,47,26.0,6.0,18.0,33.0,71.0,18,1610612752
Wade Baldwin,PG,21,7,0,80,14,21,0.667,4,5,0.8,10,16.0,0.625,0.762,6,10.0,0.6,1,7,8,5,2.0,1.0,4.0,12.0,38.0,16,1610612757
Lonzo Ball,PG,20,52,50,1780,203,564,0.36,90,295,0.305,113,269.0,0.42,0.44,32,71.0,0.451,69,291,360,376,88.0,43.0,136.0,117.0,528.0,11,1610612747
J.J. Barea,PG,33,69,10,1603,303,690,0.439,115,313,0.367,188,377.0,0.499,0.522,80,102.0,0.784,15,186,201,434,35.0,3.0,143.0,83.0,801.0,28,1610612742
Harrison Barnes,PF,25,77,77,2634,537,1208,0.445,119,333,0.357,418,875.0,0.478,0.494,259,313.0,0.827,77,391,468,152,49.0,14.0,118.0,94.0,1452.0,28,1610612742
Will Barton,SG,27,81,40,2683,465,1028,0.452,156,422,0.37,309,606.0,0.51,0.528,182,226.0,0.805,70,339,409,331,82.0,52.0,149.0,168.0,1268.0,6,1610612743
Nicolas Batum,SG,29,64,64,1981,270,650,0.415,92,274,0.336,178,376.0,0.473,0.486,108,130.0,0.831,57,249,306,349,65.0,23.0,131.0,72.0,740.0,10,1610612766
Jerryd Bayless,SG,29,39,11,925,109,262,0.416,54,146,0.37,55,116.0,0.474,0.519,35,44.0,0.795,15,65,80,54,23.0,6.0,46.0,91.0,307.0,7,1610612755
Aron Baynes,C,31,81,67,1485,210,446,0.471,3,21,0.143,207,425.0,0.487,0.474,59,78.0,0.756,130,304,434,93,22.0,51.0,80.0,200.0,482.0,20,1610612738
Kent Bazemore,SG,28,65,65,1789,284,676,0.42,108,274,0.394,176,402.0,0.438,0.5,160,201.0,0.796,25,223,248,228,100.0,45.0,157.0,147.0,836.0,25,1610612737
Bradley Beal,SG,24,82,82,2977,683,1484,0.46,199,530,0.375,484,954.0,0.507,0.527,292,369.0,0.791,61,302,363,373,96.0,36.0,214.0,160.0,1857.0,13,1610612764
Malik Beasley,SG,21,62,0,583,73,178,0.41,28,82,0.341,45,96.0,0.469,0.489,22,33.0,0.667,14,57,71,31,15.0,7.0,24.0,36.0,196.0,6,1610612743
Michael Beasley,PF,29,74,30,1653,409,807,0.507,34,86,0.395,375,721.0,0.52,0.528,124,159.0,0.78,97,317,414,123,36.0,43.0,143.0,145.0,976.0,18,1610612752
Marco Belinelli,SG,31,52,1,1210,199,485,0.41,92,247,0.372,107,238.0,0.45,0.505,101,109.0,0.927,14,86,100,103,46.0,3.0,54.0,41.0,591.0,25,1610612737
Marco Belinelli,SG,31,28,1,737,138,279,0.495,57,148,0.385,81,131.0,0.618,0.597,47,54.0,0.87,6,45,51,45,20.0,9.0,40.0,50.0,380.0,7,1610612755
Jordan Bell,C,23,57,13,809,116,185,0.627,0,4,0.0,116,181.0,0.641,0.627,30,44.0,0.682,60,147,207,102,35.0,56.0,51.0,92.0,262.0,1,1610612744
DeAndre' Bembry,SF,23,26,3,455,53,128,0.414,11,30,0.367,42,98.0,0.429,0.457,19,33.0,0.576,8,64,72,49,21.0,12.0,47.0,38.0,136.0,25,1610612737
Dragan Bender,PF,20,82,37,2069,187,484,0.386,118,322,0.366,69,162.0,0.426,0.508,39,51.0,0.765,40,321,361,130,22.0,53.0,112.0,166.0,531.0,21,1610612756
Davis Bertans,PF,25,77,10,1086,161,366,0.44,94,252,0.373,67,114.0,0.588,0.568,40,49.0,0.816,18,135,153,74,26.0,28.0,36.0,93.0,456.0,27,1610612759
Patrick Beverley,SG,29,11,11,334,48,119,0.403,24,60,0.4,24,59.0,0.407,0.504,14,17.0,0.824,16,29,45,32,19.0,5.0,25.0,34.0,134.0,9,1610612746
Khem Birch,C,25,42,0,578,68,126,0.54,0,0,68.0,126,0.54,0.54,42.0,61,0.689,70.0,110,180,34,15,21.0,21.0,56.0,178.0,385.0,24,1610612753
Jabari Bird,SG,23,13,1,115,15,26,0.577,3,7,0.429,12,19.0,0.632,0.635,6,13.0,0.462,6,13,19,8,3.0,1.0,8.0,7.0,39.0,20,1610612738
Bismack Biyombo,C,25,82,25,1495,183,352,0.52,0,1,0.0,183,351.0,0.521,0.52,102,157.0,0.65,144,324,468,66,21.0,95.0,84.0,158.0,468.0,24,1610612753
Nemanja Bjelica,PF,29,67,21,1371,171,371,0.461,76,183,0.415,95,188.0,0.505,0.563,36,45.0,0.8,53,221,274,86,50.0,16.0,52.0,141.0,454.0,8,1610612750
Tarik Black,C,26,51,2,536,75,127,0.591,1,11,0.091,74,116.0,0.638,0.594,29,63.0,0.46,63,100,163,13,21.0,30.0,35.0,107.0,180.0,2,1610612745
Antonio Blakeney,SG,21,19,0,314,53,143,0.371,15,52,0.288,38,91.0,0.418,0.423,30,39.0,0.769,4,29,33,20,7.0,1.0,11.0,19.0,151.0,26,1610612741
Eric Bledsoe,PG,28,3,3,83,16,40,0.4,4,13,0.308,12,27.0,0.444,0.45,11,14.0,0.786,3,4,7,9,4.0,2.0,10.0,6.0,47.0,21,1610612756
Eric Bledsoe,PG,28,71,71,2239,452,949,0.476,121,347,0.349,331,602.0,0.55,0.54,241,303.0,0.795,48,229,277,361,145.0,40.0,206.0,179.0,1266.0,15,1610612749
Vander Blue,SG,25,5,0,45,1,5,0.2,0,2,0.0,1,3.0,0.333,0.2,1,2.0,0.5,0,1,1,3,1.0,0.0,3.0,2.0,3.0,11,1610612747
Bogdan Bogdanovic,SG,25,78,53,2175,344,772,0.446,129,329,0.392,215,443.0,0.485,0.529,100,119.0,0.84,31,192,223,258,72.0,16.0,125.0,172.0,917.0,30,1610612758
Bojan Bogdanovic,SF,28,80,80,2464,404,852,0.474,155,386,0.402,249,466.0,0.534,0.565,178,205.0,0.868,30,240,270,119,55.0,8.0,106.0,129.0,1141.0,17,1610612754
Andrew Bogut,C,33,23,5,216,17,25,0.68,0,0,17.0,25,0.68,0.68,2.0,2,1.0,26.0,52,78,15,4,13.0,19.0,40.0,36.0,385.0,11,1610612747
Joel Bolomboy,PF,24,6,0,38,3,6,0.5,0,1,0.0,3,5.0,0.6,0.5,3,6.0,0.5,6,4,10,0,2.0,0.0,2.0,3.0,9.0,15,1610612749
Devin Booker,SG,21,54,54,1865,455,1054,0.432,147,384,0.383,308,670.0,0.46,0.501,289,329.0,0.878,26,218,244,253,47.0,14.0,194.0,168.0,1346.0,21,1610612756
Trevor Booker,PF,30,18,6,395,77,150,0.513,3,12,0.25,74,138.0,0.536,0.523,24,43.0,0.558,38,81,119,38,8.0,5.0,30.0,43.0,181.0,14,1610612751
Trevor Booker,PF,30,33,0,494,61,109,0.56,2,7,0.286,59,102.0,0.578,0.569,32,39.0,0.821,47,75,122,27,16.0,11.0,20.0,50.0,156.0,7,1610612755
Trevor Booker,PF,30,17,1,269,39,84,0.464,3,14,0.214,36,70.0,0.514,0.482,10,11.0,0.909,32,45,77,17,4.0,5.0,9.0,26.0,91.0,17,1610612754
Chris Boucher,PF,25,1,0,1,0,1,0.0,0,1,0.0,0,0.0,0.0,0.0,0,0.0,1.0,1,0,0,0,0.0,0.0,0.0,81.0,385.0,1,1610612744
Avery Bradley,SG,27,40,40,1268,233,570,0.409,74,194,0.381,159,376.0,0.423,0.474,61,80.0,0.763,19,75,94,83,46.0,7.0,93.0,80.0,601.0,22,1610612765
Avery Bradley,SG,27,6,6,165,26,55,0.473,1,9,0.111,25,46.0,0.543,0.482,2,2.0,1.0,3,19,22,11,5.0,1.0,8.0,12.0,55.0,9,1610612746
Tony Bradley,C,20,9,0,29,3,11,0.273,0,1,0.0,3,10.0,0.3,0.273,2,2.0,1.0,4,7,11,1,0.0,0.0,0.0,1.0,8.0,19,1610612762
Corey Brewer,SF-SG,31,54,2,694,78,172,0.453,8,43,0.186,70,129.0,0.543,0.477,34,51.0,0.667,23,70,93,41,41.0,8.0,38.0,83.0,198.0,11,1610612747
Corey Brewer,SF-SG,31,18,16,514,64,144,0.444,23,67,0.343,41,77.0,0.532,0.524,31,39.0,0.795,20,41,61,24,38.0,6.0,11.0,56.0,182.0,12,1610612760
Malcolm Brogdon,PG,25,48,20,1436,244,503,0.485,62,161,0.385,182,342.0,0.532,0.547,75,85.0,0.882,23,133,156,152,41.0,13.0,66.0,128.0,625.0,15,1610612749
Aaron Brooks,PG,33,32,1,189,28,69,0.406,11,31,0.355,17,38.0,0.447,0.486,8,11.0,0.727,7,10,17,20,6.0,0.0,11.0,28.0,75.0,8,1610612750
Dillon Brooks,SF,22,82,74,2350,340,772,0.44,94,264,0.356,246,508.0,0.484,0.501,124,166.0,0.747,49,208,257,135,73.0,17.0,124.0,233.0,898.0,29,1610612763
MarShon Brooks,SG,29,7,1,193,51,102,0.5,19,32,0.594,32,70.0,0.457,0.593,20,23.0,0.87,8,13,21,25,11.0,3.0,16.0,6.0,141.0,29,1610612763
Anthony Brown,SF,25,1,0,4,1,1,1.0,1,1,1.0,0,0.0,1.5,0.0,0,0.0,0.0,0,1,0,0,0.0,0.0,3.0,81.0,385.0,8,1610612750
Bobby Brown,PG,33,20,0,115,19,58,0.328,11,40,0.275,8,18.0,0.444,0.422,1,2.0,0.5,0,7,7,11,4.0,0.0,9.0,6.0,50.0,2,1610612745
Jaylen Brown,SG,21,70,70,2152,373,803,0.465,121,306,0.395,252,497.0,0.507,0.54,150,233.0,0.644,66,280,346,114,70.0,26.0,124.0,181.0,1017.0,20,1610612738
Lorenzo Brown,PG,27,14,0,139,14,34,0.412,2,12,0.167,12,22.0,0.545,0.441,2,2.0,1.0,1,14,15,13,5.0,0.0,3.0,7.0,32.0,4,1610612761
Markel Brown,SG,26,4,0,31,2,7,0.286,1,5,0.2,1,2.0,0.5,0.357,0,0.0,1.0,4,5,2,0,0.0,2.0,6.0,5.0,385.0,2,1610612745
Sterling Brown,SG,22,54,4,776,82,205,0.4,32,91,0.352,50,114.0,0.439,0.478,21,24.0,0.875,27,116,143,25,31.0,13.0,25.0,80.0,217.0,15,1610612749
Nicolas Brussino,SF,24,4,0,10,0,2,0.0,0,2,0.0,0,0.0,0.0,0.0,0,0.0,3.0,3,0,0,0,0.0,0.0,0.0,81.0,385.0,25,1610612737
Thomas Bryant,C,20,15,0,72,8,21,0.381,1,10,0.1,7,11.0,0.636,0.405,5,9.0,0.556,3,14,17,6,1.0,2.0,2.0,6.0,22.0,11,1610612747
Reggie Bullock,SF,26,62,52,1732,267,546,0.489,125,281,0.445,142,265.0,0.536,0.603,39,49.0,0.796,27,127,154,95,47.0,13.0,47.0,70.0,698.0,22,1610612765
Trey Burke,PG,25,36,9,785,193,384,0.503,38,105,0.362,155,279.0,0.556,0.552,37,57.0,0.649,13,58,71,170,24.0,4.0,43.0,43.0,461.0,18,1610612752
Alec Burks,SG,26,64,1,1059,170,414,0.411,47,142,0.331,123,272.0,0.452,0.467,107,124.0,0.863,19,173,192,67,37.0,8.0,60.0,75.0,494.0,19,1610612762
Jimmy Butler,SG,28,59,59,2164,437,921,0.474,70,200,0.35,367,721.0,0.509,0.512,363,425.0,0.854,79,235,314,288,116.0,24.0,108.0,78.0,1307.0,8,1610612750
Dwight Buycks,PG,28,29,0,427,82,198,0.414,15,45,0.333,67,153.0,0.438,0.452,36,41.0,0.878,12,29,41,59,19.0,2.0,39.0,39.0,215.0,22,1610612765
Bruno Caboclo,SF,22,2,0,7,0,2,0.0,0,2,0.0,0,0.0,0.0,0.0,0,0.0,1.0,1,1,1,0,0.0,1.0,0.0,81.0,385.0,4,1610612761
Bruno Caboclo,SF,22,10,0,100,9,29,0.31,3,15,0.2,6,14.0,0.429,0.362,5,6.0,0.833,7,14,21,3,2.0,4.0,4.0,7.0,26.0,30,1610612758
Jose Calderon,PG,36,57,32,914,93,185,0.503,45,97,0.464,48,88.0,0.545,0.624,24,30.0,0.8,14,70,84,117,27.0,2.0,41.0,81.0,255.0,5,1610612739
Kentavious Caldwell-Pope,SG,24,74,74,2458,340,798,0.426,159,415,0.383,181,383.0,0.473,0.526,153,194.0,0.789,60,327,387,162,106.0,16.0,97.0,145.0,992.0,11,1610612747
Isaiah Canaan,PG-SG,26,1,0,4,0,1,0.0,0,0,0.0,1,0.0,0.0,0.0,0,0.0,1.0,1,0,0,0,0.0,0.0,0.0,81.0,385.0,2,1610612745
Isaiah Canaan,PG-SG,26,19,1,418,52,136,0.382,22,66,0.333,30,70.0,0.429,0.463,46,51.0,0.902,6,38,44,76,16.0,1.0,29.0,36.0,172.0,21,1610612756
Clint Capela,C,23,74,74,2034,441,676,0.652,0,1,0.0,441,675.0,0.653,0.652,144,257.0,0.56,241,561,802,68,58.0,137.0,103.0,185.0,1026.0,2,1610612745
DeMarre Carroll,SF,31,73,73,2180,325,785,0.414,145,391,0.371,180,394.0,0.457,0.506,188,246.0,0.764,105,374,479,147,59.0,30.0,103.0,165.0,983.0,14,1610612751
Vince Carter,SF,41,58,5,1026,114,283,0.403,57,165,0.345,57,118.0,0.483,0.504,28,37.0,0.757,18,130,148,69,42.0,26.0,36.0,96.0,313.0,30,1610612758
Michael Carter-Williams,PG,26,52,2,835,76,229,0.332,14,59,0.237,62,170.0,0.365,0.362,73,89.0,0.82,37,101,138,116,44.0,23.0,52.0,99.0,239.0,10,1610612766
Alex Caruso,PG,23,37,7,562,50,116,0.431,13,43,0.302,37,73.0,0.507,0.487,21,30.0,0.7,15,50,65,75,23.0,10.0,42.0,52.0,134.0,11,1610612747
Omri Casspi,SF,29,53,7,740,120,207,0.58,10,22,0.455,110,185.0,0.595,0.604,50,69.0,0.725,30,170,200,51,18.0,19.0,37.0,71.0,300.0,1,1610612744
Willie Cauley-Stein,C,24,73,58,2044,388,773,0.502,3,12,0.25,385,761.0,0.506,0.504,153,247.0,0.619,131,379,510,172,77.0,67.0,109.0,185.0,932.0,30,1610612758
Tyler Cavanaugh,PF,23,39,1,518,67,152,0.441,32,89,0.36,35,63.0,0.556,0.546,17,21.0,0.81,45,82,127,27,9.0,4.0,14.0,61.0,183.0,25,1610612737
Mario Chalmers,PG,31,66,10,1421,168,443,0.379,53,191,0.277,115,252.0,0.456,0.439,118,138.0,0.855,13,144,157,197,79.0,14.0,117.0,179.0,507.0,29,1610612763
Tyson Chandler,C,35,46,46,1151,121,187,0.647,0,0,121.0,187,0.647,0.647,58.0,93,0.624,134.0,284,418,53,16,27.0,59.0,106.0,300.0,385.0,21,1610612756
Wilson Chandler,SF,30,74,71,2346,281,631,0.445,88,246,0.358,193,385.0,0.501,0.515,88,114.0,0.772,102,296,398,159,43.0,39.0,92.0,156.0,738.0,6,1610612743
Marquese Chriss,PF,20,72,49,1527,202,477,0.423,56,190,0.295,146,287.0,0.509,0.482,96,158.0,0.608,76,319,395,83,51.0,70.0,107.0,205.0,556.0,21,1610612756
Ian Clark,SG,26,74,2,1455,222,495,0.448,62,195,0.318,160,300.0,0.533,0.511,45,59.0,0.763,10,117,127,110,33.0,10.0,57.0,120.0,551.0,3,1610612740
Jordan Clarkson,SG,25,53,2,1256,299,667,0.448,68,210,0.324,231,457.0,0.505,0.499,105,132.0,0.795,44,115,159,173,39.0,3.0,95.0,63.0,771.0,11,1610612747
Jordan Clarkson,SG,25,28,0,632,131,287,0.456,44,108,0.407,87,179.0,0.486,0.533,47,58.0,0.81,13,45,58,48,19.0,3.0,32.0,44.0,353.0,5,1610612739
Gian Clavell,SG,24,7,0,64,6,18,0.333,6,15,0.4,0,3.0,0.0,0.5,2,2.0,1.0,1,6,7,3,2.0,0.0,2.0,8.0,20.0,28,1610612742
Antonius Cleveland,SG,23,13,0,81,4,14,0.286,0,1,0.0,4,13.0,0.308,0.286,2,4.0,0.5,2,8,10,2,6.0,4.0,2.0,11.0,10.0,28,1610612742
Antonius Cleveland,SG,23,4,0,42,4,7,0.571,3,3,1.0,1,4.0,0.25,0.786,2,2.0,1.0,1,3,4,0,1.0,1.0,5.0,12.0,13.0,25,1610612737
John Collins,PF,20,74,26,1785,314,545,0.576,16,47,0.34,298,498.0,0.598,0.591,133,186.0,0.715,176,365,541,98,47.0,80.0,105.0,215.0,777.0,25,1610612737
Zach Collins,C,20,66,1,1045,115,289,0.398,35,113,0.31,80,176.0,0.455,0.458,27,42.0,0.643,45,176,221,52,17.0,31.0,58.0,133.0,292.0,16,1610612757
Kyle Collinsworth,SF,26,32,2,480,38,99,0.384,4,17,0.235,34,82.0,0.415,0.404,21,40.0,0.525,32,75,107,56,17.0,9.0,24.0,44.0,101.0,28,1610612742
Darren Collison,PG,30,69,64,2018,316,638,0.495,96,205,0.468,220,433.0,0.508,0.571,127,144.0,0.882,37,141,178,368,92.0,15.0,86.0,122.0,855.0,17,1610612754
Nick Collison,PF,37,15,0,75,13,19,0.684,0,0,13.0,19,0.684,0.684,5.0,13,0.385,7.0,13,20,4,0,0.0,7.0,7.0,31.0,385.0,12,1610612760
Mike Conley,PG,30,12,12,373,64,168,0.381,24,77,0.312,40,91.0,0.44,0.452,53,66.0,0.803,0,27,27,49,12.0,3.0,18.0,24.0,205.0,29,1610612763
Pat Connaughton,SG,25,82,5,1488,165,390,0.423,74,210,0.352,91,180.0,0.506,0.518,37,44.0,0.841,36,125,161,91,23.0,22.0,43.0,120.0,441.0,16,1610612757
Quinn Cook,PG,24,33,18,740,122,252,0.484,46,104,0.442,76,148.0,0.514,0.575,22,25.0,0.88,10,72,82,89,12.0,1.0,32.0,59.0,312.0,1,1610612744
Charles Cooke,SG,23,13,0,38,2,14,0.143,1,8,0.125,1,6.0,0.167,0.179,1,2.0,0.5,0,2,2,1,1.0,0.0,1.0,0.0,6.0,3,1610612740
Jack Cooley,PF,26,7,0,87,13,27,0.481,0,0,13.0,27,0.481,0.481,14.0,19,0.737,14.0,16,30,6,1,0.0,3.0,13.0,40.0,385.0,30,1610612758
Matt Costello,C,24,4,0,32,2,4,0.5,0,0,2.0,4,0.5,0.5,0.0,0,1.0,8.0,9,2,2,2,1.0,7.0,4.0,81.0,385.0,27,1610612759
DeMarcus Cousins,C,27,48,48,1737,406,864,0.47,104,294,0.354,302,570.0,0.53,0.53,294,394.0,0.746,105,512,617,257,79.0,76.0,242.0,183.0,1210.0,3,1610612740
Robert Covington,SF,27,80,80,2532,345,836,0.413,203,550,0.369,142,286.0,0.497,0.534,116,136.0,0.853,55,378,433,156,137.0,72.0,126.0,238.0,1009.0,7,1610612755
Allen Crabbe,SG,25,75,68,2197,337,827,0.407,201,532,0.378,136,295.0,0.461,0.529,115,135.0,0.852,28,296,324,117,47.0,35.0,78.0,168.0,990.0,14,1610612751
Torrey Craig,SF,27,39,5,629,62,137,0.453,17,58,0.293,45,79.0,0.57,0.515,22,35.0,0.629,40,87,127,25,12.0,15.0,20.0,63.0,163.0,6,1610612743
Jamal Crawford,SG,37,80,0,1653,308,742,0.415,104,314,0.331,204,428.0,0.477,0.485,102,113.0,0.903,21,78,99,185,40.0,9.0,95.0,85.0,822.0,8,1610612750
Jordan Crawford,SG,29,5,0,53,12,27,0.444,8,14,0.571,4,13.0,0.308,0.593,1,1.0,1.0,2,2,4,13,1.0,1.0,5.0,7.0,33.0,3,1610612740
Jae Crowder,SF,27,53,47,1346,157,376,0.418,62,189,0.328,95,187.0,0.508,0.5,78,92.0,0.848,41,132,173,58,41.0,12.0,42.0,124.0,454.0,5,1610612739
Jae Crowder,SF,27,27,0,744,114,295,0.386,48,152,0.316,66,143.0,0.462,0.468,43,56.0,0.768,18,84,102,41,23.0,9.0,32.0,63.0,319.0,19,1610612762
Dante Cunningham,SF,30,51,24,1115,99,225,0.44,35,108,0.324,64,117.0,0.547,0.518,20,36.0,0.556,50,143,193,26,27.0,16.0,16.0,75.0,253.0,3,1610612740
Dante Cunningham,SF,30,22,1,447,65,139,0.468,23,60,0.383,42,79.0,0.532,0.55,11,16.0,0.688,28,77,105,22,12.0,14.0,17.0,36.0,164.0,14,1610612751
Stephen Curry,PG,29,51,51,1631,428,864,0.495,212,501,0.423,216,363.0,0.595,0.618,278,302.0,0.921,36,225,261,310,80.0,8.0,153.0,114.0,1346.0,1,1610612744
Troy Daniels,SG,26,79,15,1622,232,575,0.403,183,458,0.4,49,117.0,0.419,0.563,56,64.0,0.875,12,115,127,48,26.0,5.0,56.0,137.0,703.0,21,1610612756
Anthony Davis,PF,24,75,75,2727,780,1462,0.534,55,162,0.34,725,1300.0,0.558,0.552,495,598.0,0.828,187,645,832,174,115.0,193.0,162.0,159.0,2110.0,3,1610612740
Deyonta Davis,C,21,62,6,943,161,265,0.608,0,0,161.0,265,0.608,0.608,38.0,57,0.667,75.0,175,250,40,15,39.0,32.0,125.0,360.0,385.0,29,1610612763
Ed Davis,C,28,78,0,1471,170,292,0.582,0,1,0.0,170,291.0,0.584,0.582,74,111.0,0.667,183,392,575,40,32.0,52.0,66.0,188.0,414.0,16,1610612757
Dewayne Dedmon,C,28,62,46,1542,250,477,0.524,50,141,0.355,200,336.0,0.595,0.577,67,86.0,0.779,100,389,489,90,40.0,51.0,86.0,162.0,617.0,25,1610612737
Sam Dekker,PF,23,73,1,883,128,259,0.494,10,60,0.167,118,199.0,0.593,0.514,37,56.0,0.661,44,130,174,38,24.0,9.0,33.0,71.0,303.0,9,1610612746
Malcolm Delaney,PG,28,54,3,1014,109,285,0.382,46,124,0.371,63,161.0,0.391,0.463,74,92.0,0.804,9,91,100,163,35.0,6.0,66.0,82.0,338.0,25,1610612737
Matthew Dellavedova,PG,27,38,3,712,55,152,0.362,29,78,0.372,26,74.0,0.351,0.457,25,27.0,0.926,14,50,64,145,14.0,0.0,49.0,67.0,164.0,15,1610612749
Luol Deng,SF,32,1,1,13,1,2,0.5,0,0,1.0,2,0.5,0.5,0.0,0,0.0,0.0,0,1,1,0,1.0,0.0,2.0,81.0,385.0,11,1610612747
DeMar DeRozan,SG,28,80,80,2711,645,1413,0.456,89,287,0.31,556,1126.0,0.494,0.488,461,559.0,0.825,59,256,315,417,85.0,22.0,175.0,151.0,1840.0,4,1610612761
Cheick Diallo,PF,21,52,0,581,102,176,0.58,0,0,102.0,176,0.58,0.58,50.0,66,0.758,47.0,164,211,19,11,21.0,28.0,82.0,254.0,385.0,3,1610612740
Gorgui Dieng,C,28,79,0,1333,186,388,0.479,19,61,0.311,167,327.0,0.511,0.504,79,102.0,0.775,106,254,360,71,45.0,39.0,59.0,147.0,470.0,8,1610612750
Spencer Dinwiddie,PG,24,80,58,2306,324,838,0.387,141,433,0.326,183,405.0,0.452,0.471,218,268.0,0.813,40,219,259,524,68.0,23.0,128.0,186.0,1007.0,14,1610612751
Tyler Dorsey,SG,21,56,5,974,144,382,0.377,72,199,0.362,72,183.0,0.393,0.471,45,63.0,0.714,17,113,130,79,17.0,5.0,37.0,63.0,405.0,25,1610612737
Damyean Dotson,SG,23,44,2,474,72,161,0.447,22,68,0.324,50,93.0,0.538,0.516,16,23.0,0.696,9,75,84,31,12.0,2.0,17.0,34.0,182.0,18,1610612752
Milton Doyle,SG,24,10,0,125,13,47,0.277,4,23,0.174,9,24.0,0.375,0.319,4,8.0,0.5,3,15,18,10,6.0,2.0,2.0,13.0,34.0,14,1610612751
PJ Dozier,PG,21,2,0,3,1,2,0.5,0,0,1.0,2,0.5,0.5,0.0,0,0.0,1.0,1,0,0,0,1.0,1.0,2.0,81.0,385.0,12,1610612760
Goran Dragic,PG,31,75,75,2378,484,1075,0.45,111,300,0.37,373,775.0,0.481,0.502,217,271.0,0.801,54,253,307,359,63.0,12.0,166.0,180.0,1296.0,23,1610612748
Larry Drew,PG,27,3,0,15,1,7,0.143,0,3,0.0,1,4.0,0.25,0.143,0,0.0,1.0,0,1,2,0,0.0,1.0,2.0,2.0,385.0,7,1610612755
Larry Drew,PG,27,7,0,55,6,17,0.353,3,6,0.5,3,11.0,0.273,0.441,0,0.0,2.0,0,2,8,0,0.0,2.0,4.0,15.0,385.0,3,1610612740
Andre Drummond,C,24,78,78,2625,466,881,0.529,0,11,0.0,466,870.0,0.536,0.529,239,395.0,0.605,399,848,1247,237,114.0,127.0,200.0,250.0,1171.0,22,1610612765
Jared Dudley,PF,32,48,0,686,48,122,0.393,29,80,0.363,19,42.0,0.452,0.512,27,35.0,0.771,8,86,94,78,24.0,11.0,28.0,85.0,152.0,21,1610612756
Kris Dunn,PG,23,52,43,1525,286,666,0.429,43,134,0.321,243,532.0,0.457,0.462,84,114.0,0.737,24,197,221,310,104.0,27.0,150.0,174.0,699.0,26,1610612741
Kevin Durant,PF,29,68,68,2325,630,1222,0.516,173,413,0.419,457,809.0,0.565,0.586,359,404.0,0.889,31,433,464,366,50.0,119.0,207.0,133.0,1792.0,1,1610612744
Jarell Eddie,SF,26,2,0,6,0,1,0.0,0,1,0.0,0,0.0,0.0,0.0,0,0.0,1.0,1,0,1,0,0.0,0.0,0.0,81.0,385.0,20,1610612738
Jarell Eddie,SF,26,1,0,3,0,1,0.0,0,1,0.0,0,0.0,0.0,0.0,0,0.0,0.0,0,0,0,0,0.0,0.0,0.0,81.0,385.0,26,1610612741
Henry Ellenson,PF,21,38,0,329,53,146,0.363,20,60,0.333,33,86.0,0.384,0.432,25,29.0,0.862,10,71,81,20,5.0,0.0,18.0,22.0,151.0,22,1610612765
Wayne Ellington,SG,30,77,2,2041,285,700,0.407,227,579,0.392,58,121.0,0.479,0.569,67,78.0,0.859,23,195,218,79,53.0,8.0,52.0,94.0,864.0,23,1610612748
Joel Embiid,C,23,63,63,1912,510,1056,0.483,66,214,0.308,444,842.0,0.527,0.514,359,467.0,0.769,143,547,690,199,40.0,111.0,234.0,209.0,1445.0,7,1610612755
James Ennis,SF,27,45,14,1053,108,222,0.486,30,84,0.357,78,138.0,0.565,0.554,64,73.0,0.877,53,104,157,49,32.0,12.0,38.0,81.0,310.0,29,1610612763
James Ennis,SF,27,27,8,551,74,162,0.457,21,69,0.304,53,93.0,0.57,0.522,33,43.0,0.767,20,47,67,22,15.0,6.0,18.0,53.0,202.0,22,1610612765
Tyler Ennis,PG,23,54,11,683,94,224,0.42,14,56,0.25,80,168.0,0.476,0.451,22,29.0,0.759,19,76,95,105,30.0,10.0,38.0,75.0,224.0,11,1610612747
Jawun Evans,PG,21,48,4,778,89,253,0.352,15,54,0.278,74,199.0,0.372,0.381,38,49.0,0.776,9,75,84,100,36.0,6.0,44.0,97.0,231.0,9,1610612746
Jeremy Evans,SF,30,1,0,5,1,1,1.0,0,0,1.0,1,1.0,1.0,0.0,0,1.0,0.0,1,0,0,0,1.0,1.0,2.0,81.0,385.0,25,1610612737
Tyreke Evans,PG,28,52,32,1607,366,809,0.452,114,286,0.399,252,523.0,0.482,0.523,164,209.0,0.785,44,221,265,269,57.0,17.0,117.0,96.0,1010.0,29,1610612763
Dante Exum,PG,22,14,0,235,42,87,0.483,5,18,0.278,37,69.0,0.536,0.511,25,31.0,0.806,4,22,26,43,8.0,3.0,20.0,20.0,114.0,19,1610612762
Kenneth Faried,PF,28,32,7,461,76,148,0.514,0,1,0.0,76,147.0,0.517,0.514,36,51.0,0.706,68,85,153,18,12.0,13.0,23.0,51.0,188.0,6,1610612743
Derrick Favors,C,26,77,77,2153,395,702,0.563,14,63,0.222,381,639.0,0.596,0.573,140,215.0,0.651,198,354,552,102,54.0,82.0,88.0,164.0,944.0,19,1610612762
Kay Felder,PG,22,14,0,134,20,66,0.303,4,18,0.222,16,48.0,0.333,0.333,11,12.0,0.917,1,13,14,20,3.0,1.0,15.0,11.0,55.0,26,1610612741
Kay Felder,PG,22,2,0,6,1,4,0.25,0,1,0.0,1,3.0,0.333,0.25,0,0.0,2.0,2,4,0,0,0.0,1.0,0.0,2.0,385.0,22,1610612765
Cristiano Felicio,C,25,55,16,977,127,215,0.591,0,2,0.0,127,213.0,0.596,0.591,54,81.0,0.667,83,150,233,55,16.0,11.0,54.0,104.0,308.0,26,1610612741
Raymond Felton,PG,33,82,2,1365,224,552,0.406,81,230,0.352,143,322.0,0.444,0.479,36,44.0,0.818,25,131,156,203,49.0,16.0,76.0,91.0,565.0,12,1610612760
Terrance Ferguson,SG,19,61,12,763,70,169,0.414,40,120,0.333,30,49.0,0.612,0.533,9,10.0,0.9,19,28,47,19,24.0,10.0,11.0,83.0,189.0,12,1610612760
Yogi Ferrell,SG,24,82,21,2282,311,730,0.426,134,359,0.373,177,371.0,0.477,0.518,82,103.0,0.796,26,223,249,201,64.0,9.0,78.0,153.0,838.0,28,1610612742
Dorian Finney-Smith,PF,24,21,13,448,46,121,0.38,20,67,0.299,26,54.0,0.481,0.463,11,15.0,0.733,22,53,75,26,10.0,4.0,21.0,43.0,123.0,28,1610612742
Bryn Forbes,SG,24,80,12,1517,209,497,0.421,89,228,0.39,120,269.0,0.446,0.51,48,72.0,0.667,12,98,110,80,28.0,2.0,37.0,108.0,555.0,27,1610612759
Evan Fournier,SF,25,57,57,1837,368,802,0.459,127,335,0.379,241,467.0,0.516,0.538,150,173.0,0.867,23,157,180,165,47.0,16.0,95.0,138.0,1013.0,24,1610612753
De'Aaron Fox,PG,20,73,60,2026,328,797,0.412,47,153,0.307,281,644.0,0.436,0.441,141,195.0,0.723,33,171,204,320,70.0,20.0,173.0,163.0,844.0,30,1610612758
Tim Frazier,PG,27,59,11,838,68,172,0.395,17,56,0.304,51,116.0,0.44,0.445,23,30.0,0.767,18,97,115,194,47.0,7.0,57.0,97.0,176.0,13,1610612764
Channing Frye,C,34,44,1,545,84,169,0.497,30,90,0.333,54,79.0,0.684,0.586,14,15.0,0.933,10,100,110,28,17.0,12.0,17.0,54.0,212.0,5,1610612739
Channing Frye,C,34,9,0,150,20,43,0.465,9,25,0.36,11,18.0,0.611,0.57,3,4.0,0.75,2,23,25,10,1.0,1.0,4.0,15.0,52.0,11,1610612747
Markelle Fultz,SG,19,14,0,253,45,111,0.405,0,1,0.0,45,110.0,0.409,0.405,10,21.0,0.476,11,32,43,53,12.0,4.0,17.0,22.0,100.0,7,1610612755
Danilo Gallinari,SF,29,21,21,671,102,256,0.398,36,111,0.324,66,145.0,0.455,0.469,81,87.0,0.931,9,92,101,41,12.0,10.0,26.0,30.0,321.0,9,1610612746
Langston Galloway,SG,26,58,2,863,126,340,0.371,75,218,0.344,51,122.0,0.418,0.481,33,41.0,0.805,13,79,92,58,35.0,5.0,18.0,39.0,360.0,22,1610612765
Marc Gasol,C,33,73,73,2408,434,1033,0.42,109,320,0.341,325,713.0,0.456,0.473,281,337.0,0.834,78,514,592,305,54.0,101.0,194.0,185.0,1258.0,29,1610612763
Pau Gasol,C,37,77,63,1812,287,627,0.458,43,120,0.358,244,507.0,0.481,0.492,158,209.0,0.756,129,490,619,238,24.0,79.0,108.0,121.0,775.0,27,1610612759
Rudy Gay,PF,31,57,6,1231,253,537,0.471,37,118,0.314,216,419.0,0.516,0.506,112,145.0,0.772,76,215,291,73,46.0,38.0,78.0,98.0,655.0,27,1610612759
Paul George,SF,27,79,79,2891,576,1340,0.43,244,609,0.401,332,731.0,0.454,0.521,338,411.0,0.822,72,375,447,263,161.0,39.0,212.0,233.0,1734.0,12,1610612760
Marcus Georges-Hunt,SG,23,42,0,224,21,48,0.438,4,15,0.267,17,33.0,0.515,0.479,13,21.0,0.619,7,9,16,7,6.0,0.0,3.0,32.0,59.0,8,1610612750
Jonathan Gibson,PG,30,4,0,40,14,23,0.609,6,12,0.5,8,11.0,0.727,0.739,0,0.0,0.0,3,3,4,0,0.0,3.0,5.0,34.0,385.0,20,1610612738
Taj Gibson,PF,32,82,82,2726,425,737,0.577,7,35,0.2,418,702.0,0.595,0.581,142,185.0,0.768,194,390,584,99,62.0,59.0,89.0,218.0,999.0,8,1610612750
Manu Ginobili,SG,40,65,0,1299,201,463,0.434,64,192,0.333,137,271.0,0.506,0.503,110,131.0,0.84,19,123,142,163,43.0,16.0,105.0,126.0,576.0,27,1610612759
Rudy Gobert,C,25,56,56,1816,276,444,0.622,0,0,276.0,444,0.622,0.622,204.0,299,0.682,165.0,436,601,80,44,129.0,107.0,153.0,756.0,385.0,19,1610612762
Aaron Gordon,PF,22,58,57,1909,375,865,0.434,115,342,0.336,260,523.0,0.497,0.5,157,225.0,0.698,87,370,457,136,59.0,45.0,107.0,111.0,1022.0,24,1610612753
Eric Gordon,SG,29,69,30,2154,415,970,0.428,218,608,0.359,197,362.0,0.544,0.54,195,241.0,0.809,25,145,170,154,44.0,27.0,130.0,116.0,1243.0,2,1610612745
Marcin Gortat,C,33,82,82,2075,290,560,0.518,0,0,290.0,560,0.518,0.518,110.0,163,0.675,181.0,442,623,151,40,61.0,99.0,175.0,690.0,385.0,13,1610612764
Treveon Graham,SG,24,63,2,1050,96,221,0.434,40,97,0.412,56,124.0,0.452,0.525,41,59.0,0.695,42,79,121,59,33.0,2.0,27.0,109.0,273.0,10,1610612766
Jerami Grant,PF,23,81,1,1647,244,456,0.535,32,110,0.291,212,346.0,0.613,0.57,162,240.0,0.675,86,233,319,57,31.0,77.0,54.0,155.0,682.0,12,1610612760
Jerian Grant,PG,25,74,26,1686,209,503,0.416,61,187,0.326,148,316.0,0.468,0.476,140,188.0,0.745,31,141,172,342,63.0,8.0,89.0,132.0,619.0,26,1610612741
Josh Gray,PG,24,5,0,86,11,41,0.268,3,13,0.231,8,28.0,0.286,0.305,7,11.0,0.636,2,8,10,12,8.0,2.0,7.0,8.0,32.0,21,1610612756
Danny Green,SG,30,70,60,1791,217,561,0.387,116,320,0.363,101,241.0,0.419,0.49,50,65.0,0.769,41,208,249,110,63.0,80.0,74.0,122.0,600.0,27,1610612759
Draymond Green,PF,27,70,70,2287,281,619,0.454,77,256,0.301,204,363.0,0.562,0.516,134,173.0,0.775,75,460,535,508,95.0,91.0,202.0,185.0,773.0,1,1610612744
Gerald Green,SG,32,41,2,929,168,413,0.407,110,298,0.369,58,115.0,0.504,0.54,51,60.0,0.85,15,118,133,25,24.0,15.0,31.0,87.0,497.0,2,1610612745
JaMychal Green,PF,27,55,54,1542,223,488,0.457,43,127,0.339,180,361.0,0.499,0.501,80,111.0,0.721,147,317,464,79,32.0,25.0,76.0,153.0,569.0,29,1610612763
Jeff Green,PF,31,78,13,1828,295,618,0.477,53,170,0.312,242,448.0,0.54,0.52,203,234.0,0.868,60,186,246,99,41.0,34.0,75.0,149.0,846.0,5,1610612739
Blake Griffin,PF,28,33,33,1139,255,578,0.441,64,187,0.342,191,391.0,0.488,0.497,172,219.0,0.785,46,216,262,179,30.0,9.0,99.0,78.0,746.0,9,1610612746
Blake Griffin,PF,28,25,25,831,181,418,0.433,47,135,0.348,134,283.0,0.473,0.489,87,111.0,0.784,27,139,166,155,11.0,9.0,66.0,61.0,496.0,22,1610612765
Daniel Hamilton,SG,22,6,0,28,5,11,0.455,2,5,0.4,3,6.0,0.5,0.545,0,0.0,0.0,5,5,8,1,0.0,2.0,2.0,12.0,385.0,12,1610612760
Tim Hardaway,SG,25,57,54,1885,360,856,0.421,130,410,0.317,230,446.0,0.516,0.496,146,179.0,0.816,32,192,224,155,62.0,10.0,92.0,123.0,996.0,18,1610612752
James Harden,SG,28,72,72,2551,651,1449,0.449,265,722,0.367,386,727.0,0.531,0.541,624,727.0,0.858,41,348,389,630,126.0,50.0,315.0,169.0,2191.0,2,1610612745
Maurice Harkless,SF,24,59,36,1264,147,297,0.495,49,118,0.415,98,179.0,0.547,0.577,42,59.0,0.712,46,116,162,53,48.0,43.0,40.0,103.0,385.0,16,1610612757
Montrezl Harrell,C,24,76,3,1293,348,548,0.635,1,7,0.143,347,541.0,0.641,0.636,139,222.0,0.626,103,203,306,74,36.0,52.0,68.0,143.0,836.0,9,1610612746
Devin Harris,PG,34,44,1,807,118,284,0.415,44,125,0.352,74,159.0,0.465,0.493,93,112.0,0.83,9,76,85,85,33.0,8.0,49.0,103.0,373.0,28,1610612742
Devin Harris,PG,34,27,0,533,69,170,0.406,35,102,0.343,34,68.0,0.5,0.509,49,58.0,0.845,3,39,42,67,14.0,4.0,27.0,55.0,222.0,6,1610612743
Gary Harris,SG,23,67,65,2304,440,908,0.485,156,394,0.396,284,514.0,0.553,0.57,134,162.0,0.827,37,139,176,194,122.0,15.0,119.0,119.0,1170.0,6,1610612743
Joe Harris,SG,26,78,14,1975,305,621,0.491,150,358,0.419,155,263.0,0.589,0.612,86,104.0,0.827,51,209,260,128,35.0,20.0,91.0,153.0,846.0,14,1610612751
Tobias Harris,PF,25,48,48,1563,320,709,0.451,113,276,0.409,207,433.0,0.478,0.531,115,136.0,0.846,36,208,244,94,34.0,15.0,51.0,91.0,868.0,22,1610612765
Tobias Harris,PF,25,32,32,1105,242,512,0.473,70,169,0.414,172,343.0,0.501,0.541,64,80.0,0.8,22,171,193,98,37.0,20.0,54.0,73.0,618.0,9,1610612746
Aaron Harrison,SG,23,9,3,233,19,69,0.275,9,43,0.209,10,26.0,0.385,0.341,13,17.0,0.765,4,20,24,11,9.0,2.0,3.0,27.0,60.0,28,1610612742
Andrew Harrison,PG,23,56,46,1326,181,429,0.422,47,142,0.331,134,287.0,0.467,0.477,124,159.0,0.78,23,108,131,177,38.0,26.0,81.0,138.0,533.0,29,1610612763
Shaquille Harrison,PG,24,23,2,384,59,124,0.476,6,26,0.231,53,98.0,0.541,0.5,28,38.0,0.737,9,52,61,55,26.0,7.0,22.0,42.0,152.0,21,1610612756
Josh Hart,SG,22,63,23,1461,176,375,0.469,78,197,0.396,98,178.0,0.551,0.573,66,94.0,0.702,42,221,263,80,47.0,16.0,47.0,107.0,496.0,11,1610612747
Udonis Haslem,C,37,14,0,72,3,15,0.2,1,8,0.125,2,7.0,0.286,0.233,1,2.0,0.5,3,7,10,5,0.0,2.0,2.0,3.0,8.0,23,1610612748
Nigel Hayes,SF,23,2,0,11,1,3,0.333,0,2,0.0,1,1.0,1.0,0.333,1,1.0,1.0,0,0,0,2,0.0,0.0,0.0,0.0,3.0,11,1610612747
Nigel Hayes,SF,23,2,0,6,2,2,1.0,2,2,1.0,0,0.0,1.5,0.0,0,0.0,0.0,0,0,0,0,1.0,0.0,6.0,81.0,385.0,4,1610612761
Nigel Hayes,SF,23,5,0,105,8,28,0.286,2,12,0.167,6,16.0,0.375,0.321,0,2.0,0.0,4,18,22,4,2.0,3.0,1.0,8.0,18.0,30,1610612758
Gordon Hayward,SF,27,1,1,5,1,2,0.5,0,1,0.0,1,1.0,1.0,0.5,0,0.0,0.0,1,1,0,0,0.0,0.0,1.0,2.0,385.0,20,1610612738
Reggie Hearn,SG,26,3,0,7,1,2,0.5,1,2,0.5,0,0.0,0.75,0.0,0,0.0,0.0,0,0,0,0,0.0,0.0,3.0,81.0,385.0,22,1610612765
Myke Henry,SF,25,20,0,378,41,109,0.376,19,58,0.328,22,51.0,0.431,0.463,6,10.0,0.6,10,28,38,22,31.0,6.0,19.0,28.0,107.0,29,1610612763
John Henson,C,27,76,69,1970,287,502,0.572,1,7,0.143,286,495.0,0.578,0.573,90,158.0,0.57,150,363,513,114,45.0,109.0,84.0,202.0,665.0,15,1610612749
Juan Hernangomez,PF,22,25,3,277,29,75,0.387,14,50,0.28,15,25.0,0.6,0.48,10,12.0,0.833,18,36,54,12,6.0,3.0,9.0,25.0,82.0,6,1610612743
Willy Hernangomez,C,23,26,0,233,49,81,0.605,1,5,0.2,48,76.0,0.632,0.611,12,28.0,0.429,22,45,67,21,8.0,7.0,26.0,32.0,111.0,18,1610612752
Willy Hernangomez,C,23,22,1,262,42,83,0.506,4,7,0.571,38,76.0,0.5,0.53,47,62.0,0.758,39,77,116,12,10.0,9.0,9.0,32.0,135.0,10,1610612766
Mario Hezonja,SF,22,75,30,1657,273,617,0.442,90,267,0.337,183,350.0,0.523,0.515,86,105.0,0.819,41,240,281,106,81.0,31.0,86.0,134.0,722.0,24,1610612753
Isaiah Hicks,PF,23,18,0,240,33,72,0.458,2,9,0.222,31,63.0,0.492,0.472,12,18.0,0.667,10,31,41,16,2.0,4.0,16.0,45.0,80.0,18,1610612752
Buddy Hield,SG,25,80,12,2024,416,933,0.446,176,408,0.431,240,525.0,0.457,0.54,71,81.0,0.877,55,252,307,155,85.0,22.0,124.0,148.0,1079.0,30,1610612758
Nene Hilario,C,35,52,4,758,136,239,0.569,0,2,0.0,136,237.0,0.574,0.569,68,107.0,0.636,54,122,176,45,28.0,14.0,38.0,123.0,340.0,2,1610612745
George Hill,PG,31,43,36,1143,153,326,0.469,58,128,0.453,95,198.0,0.48,0.558,77,99.0,0.778,22,95,117,119,39.0,12.0,60.0,75.0,441.0,30,1610612758
George Hill,PG,31,24,24,669,83,187,0.444,27,77,0.351,56,110.0,0.509,0.516,33,41.0,0.805,20,44,64,67,22.0,15.0,28.0,53.0,226.0,5,1610612739
Solomon Hill,SF,26,12,1,187,11,41,0.268,4,21,0.19,7,20.0,0.35,0.317,3,6.0,0.5,9,27,36,22,7.0,1.0,9.0,22.0,29.0,3,1610612740
Darrun Hilliard,SG,24,14,0,95,5,19,0.263,0,6,0.0,5,13.0,0.385,0.263,6,7.0,0.857,0,7,7,11,2.0,0.0,4.0,7.0,16.0,27,1610612759
Jrue Holiday,SG,27,81,81,2927,615,1244,0.494,120,356,0.337,495,888.0,0.557,0.543,187,238.0,0.786,62,303,365,486,123.0,64.0,213.0,201.0,1537.0,3,1610612740
Justin Holiday,SG,28,72,72,2265,290,782,0.371,161,449,0.359,129,333.0,0.387,0.474,135,164.0,0.823,31,260,291,153,80.0,31.0,93.0,134.0,876.0,26,1610612741
John Holland,SF,29,24,0,174,17,59,0.288,11,36,0.306,6,23.0,0.261,0.381,9,13.0,0.692,6,18,24,5,7.0,2.0,8.0,10.0,54.0,5,1610612739
Rondae Hollis-Jefferson,SF,23,68,59,1920,342,724,0.472,13,54,0.241,329,670.0,0.491,0.481,249,316.0,0.788,101,358,459,167,65.0,48.0,121.0,145.0,946.0,14,1610612751
Richaun Holmes,C,24,48,2,746,135,241,0.56,4,31,0.129,131,210.0,0.624,0.568,37,56.0,0.661,57,154,211,61,20.0,29.0,25.0,97.0,311.0,7,1610612755
Rodney Hood,SG,25,39,12,1084,234,552,0.424,102,262,0.389,132,290.0,0.455,0.516,85,97.0,0.876,14,97,111,65,30.0,7.0,63.0,64.0,655.0,19,1610612762
Rodney Hood,SG,25,21,11,532,88,199,0.442,25,71,0.352,63,128.0,0.492,0.505,26,32.0,0.813,8,46,54,30,15.0,5.0,7.0,41.0,227.0,5,1610612739
Scotty Hopson,SG,28,1,0,8,0,1,0.0,0,0,0.0,1,0.0,0.0,1.0,2,0.5,0.0,0,0,1,0,0.0,1.0,0.0,1.0,385.0,28,1610612742
Al Horford,C,31,72,72,2277,368,753,0.489,97,226,0.429,271,527.0,0.514,0.553,94,120.0,0.783,103,427,530,339,43.0,78.0,132.0,138.0,927.0,20,1610612738
Danuel House,SG,24,23,3,403,56,129,0.434,15,58,0.259,41,71.0,0.577,0.492,25,31.0,0.806,13,63,76,25,7.0,6.0,11.0,23.0,152.0,21,1610612756
Dwight Howard,C,32,81,81,2463,506,911,0.555,1,7,0.143,505,904.0,0.559,0.556,334,582.0,0.574,255,757,1012,105,48.0,131.0,208.0,249.0,1347.0,10,1610612766
Josh Huestis,PF,26,69,10,982,60,182,0.33,33,115,0.287,27,67.0,0.403,0.42,6,20.0,0.3,42,119,161,20,15.0,43.0,26.0,82.0,159.0,12,1610612760
R.J. Hunter,SG,24,5,1,45,7,20,0.35,3,14,0.214,4,6.0,0.667,0.425,2,2.0,1.0,0,5,5,3,3.0,0.0,2.0,7.0,19.0,2,1610612745
Vince Hunter,PF,23,4,0,7,3,5,0.6,0,0,3.0,5,0.6,0.6,0.0,0,2.0,1.0,3,0,0,1,1.0,0.0,6.0,81.0,385.0,29,1610612763
Serge Ibaka,PF,28,76,76,2093,379,784,0.483,107,297,0.36,272,487.0,0.559,0.552,94,118.0,0.797,78,400,478,62,29.0,99.0,90.0,209.0,959.0,4,1610612761
Andre Iguodala,SF,34,64,7,1622,148,320,0.463,33,117,0.282,115,203.0,0.567,0.514,55,87.0,0.632,50,196,246,210,54.0,38.0,67.0,99.0,384.0,1,1610612744
Ersan Ilyasova,PF,30,46,40,1175,184,401,0.459,61,170,0.359,123,231.0,0.532,0.535,72,90.0,0.8,74,177,251,51,44.0,17.0,43.0,92.0,501.0,25,1610612737
Ersan Ilyasova,PF,30,23,3,554,93,212,0.439,30,83,0.361,63,129.0,0.488,0.509,33,45.0,0.733,44,110,154,39,17.0,9.0,29.0,65.0,249.0,7,1610612755
Joe Ingles,SF,30,82,81,2578,335,718,0.467,204,464,0.44,131,254.0,0.516,0.609,66,83.0,0.795,24,320,344,392,90.0,20.0,159.0,178.0,940.0,19,1610612762
Andre Ingram,SG,32,2,0,64,8,17,0.471,5,9,0.556,3,8.0,0.375,0.618,3,3.0,1.0,1,5,6,7,3.0,3.0,3.0,3.0,24.0,11,1610612747
Brandon Ingram,SF,20,59,59,1975,358,761,0.47,41,105,0.39,317,656.0,0.483,0.497,192,282.0,0.681,57,257,314,230,45.0,43.0,149.0,163.0,949.0,11,1610612747
Kyrie Irving,PG,25,60,60,1931,534,1087,0.491,166,407,0.408,368,680.0,0.541,0.568,232,261.0,0.889,33,194,227,306,65.0,17.0,140.0,122.0,1466.0,20,1610612738
Jonathan Isaac,PF,20,27,10,536,55,145,0.379,16,46,0.348,39,99.0,0.394,0.434,19,25.0,0.76,16,83,99,18,33.0,30.0,27.0,48.0,145.0,24,1610612753
Wesley Iwundu,SF,23,62,12,1020,93,218,0.427,9,46,0.196,84,172.0,0.488,0.447,34,47.0,0.723,36,101,137,57,33.0,12.0,30.0,81.0,229.0,24,1610612753
Jarrett Jack,PG,34,62,56,1548,189,443,0.427,25,86,0.291,164,357.0,0.459,0.455,63,75.0,0.84,22,169,191,348,35.0,4.0,115.0,98.0,466.0,18,1610612752
Aaron Jackson,PG,31,1,0,35,3,9,0.333,1,4,0.25,2,5.0,0.4,0.389,1,2.0,0.5,2,1,3,1,0.0,0.0,1.0,4.0,8.0,2,1610612745
Demetrius Jackson,PG,23,12,0,63,4,14,0.286,0,6,0.0,4,8.0,0.5,0.286,0,0.0,4.0,7,11,5,4,1.0,9.0,6.0,8.0,385.0,2,1610612745
Demetrius Jackson,PG,23,3,0,17,3,4,0.75,1,1,1.0,2,3.0,0.667,0.875,1,2.0,0.5,1,0,1,4,1.0,0.0,1.0,1.0,8.0,7,1610612755
Josh Jackson,SF,20,77,35,1959,389,932,0.417,57,217,0.263,332,715.0,0.464,0.448,177,279.0,0.634,95,256,351,119,80.0,35.0,146.0,218.0,1012.0,21,1610612756
Justin Jackson,SF,22,68,41,1506,185,419,0.442,57,185,0.308,128,234.0,0.547,0.51,26,36.0,0.722,27,160,187,74,28.0,13.0,40.0,81.0,453.0,30,1610612758
Reggie Jackson,PG,27,45,45,1201,246,577,0.426,52,169,0.308,194,408.0,0.475,0.471,112,134.0,0.836,29,96,125,238,27.0,4.0,99.0,87.0,656.0,22,1610612765
LeBron James,PF,33,82,82,3026,857,1580,0.542,149,406,0.367,708,1174.0,0.603,0.59,388,531.0,0.731,97,612,709,747,116.0,71.0,347.0,136.0,2251.0,5,1610612739
Mike James,PG,27,32,10,669,121,312,0.388,26,97,0.268,95,215.0,0.442,0.429,64,84.0,0.762,12,77,89,120,27.0,7.0,48.0,45.0,332.0,21,1610612756
Mike James,PG,27,4,0,18,2,9,0.222,0,1,0.0,2,8.0,0.25,0.222,0,0.0,1.0,0,1,6,1,0.0,1.0,3.0,4.0,385.0,3,1610612740
Al Jefferson,C,33,36,1,484,111,208,0.534,0,3,0.0,111,205.0,0.541,0.534,30,36.0,0.833,30,113,143,30,16.0,23.0,21.0,66.0,252.0,17,1610612754
Richard Jefferson,SF,37,20,0,163,12,27,0.444,2,7,0.286,10,20.0,0.5,0.481,4,7.0,0.571,2,15,17,15,2.0,1.0,5.0,11.0,30.0,6,1610612743
Brandon Jennings,PG,28,14,0,205,27,72,0.375,9,33,0.273,18,39.0,0.462,0.438,10,10.0,1.0,5,26,31,44,6.0,4.0,18.0,11.0,73.0,15,1610612749
Jonas Jerebko,PF,30,74,19,1134,159,341,0.466,65,157,0.414,94,184.0,0.511,0.562,46,57.0,0.807,53,193,246,42,24.0,12.0,27.0,127.0,429.0,19,1610612762
Amir Johnson,C,30,74,18,1171,140,260,0.538,10,32,0.313,130,228.0,0.57,0.558,52,85.0,0.612,123,207,330,118,45.0,44.0,55.0,192.0,342.0,7,1610612755
Brice Johnson,PF,23,9,0,38,7,11,0.636,0,1,0.0,7,10.0,0.7,0.636,2,2.0,1.0,2,11,13,1,6.0,2.0,4.0,7.0,16.0,9,1610612746
Brice Johnson,PF,23,9,0,60,13,31,0.419,0,0,13.0,31,0.419,0.419,1.0,3,0.333,7.0,11,18,1,3,4.0,1.0,6.0,27.0,385.0,29,1610612763
Dakari Johnson,C,22,31,6,161,22,39,0.564,0,0,22.0,39,0.564,0.564,11.0,20,0.55,16.0,18,34,8,6,8.0,3.0,27.0,55.0,385.0,12,1610612760
James Johnson,PF,30,73,41,1943,309,614,0.503,57,185,0.308,252,429.0,0.587,0.55,113,162.0,0.698,61,297,358,280,70.0,51.0,141.0,192.0,788.0,23,1610612748
Joe Johnson,SF,36,32,3,700,95,226,0.42,23,84,0.274,72,142.0,0.507,0.471,20,24.0,0.833,12,95,107,45,12.0,6.0,31.0,32.0,233.0,19,1610612762
Joe Johnson,SF,36,23,1,505,51,134,0.381,17,61,0.279,34,73.0,0.466,0.444,20,21.0,0.952,2,63,65,38,6.0,1.0,18.0,35.0,139.0,2,1610612745
Omari Johnson,PF,28,4,0,75,9,21,0.429,4,12,0.333,5,9.0,0.556,0.524,0,0.0,4.0,7,11,7,2,0.0,3.0,6.0,22.0,385.0,29,1610612763
Stanley Johnson,SF,21,69,50,1894,210,560,0.375,67,234,0.286,143,326.0,0.439,0.435,112,145.0,0.772,33,219,252,112,95.0,14.0,77.0,169.0,599.0,22,1610612765
Tyler Johnson,PG,25,72,39,2052,309,711,0.435,119,324,0.367,190,387.0,0.491,0.518,106,129.0,0.822,34,214,248,165,60.0,34.0,81.0,148.0,843.0,23,1610612748
Wesley Johnson,SF,30,74,40,1486,150,368,0.408,60,177,0.339,90,191.0,0.471,0.489,43,58.0,0.741,29,187,216,61,76.0,62.0,55.0,146.0,403.0,9,1610612746
Nikola Jokic,C,22,75,73,2443,504,1010,0.499,111,280,0.396,393,730.0,0.538,0.554,266,313.0,0.85,195,608,803,458,90.0,61.0,210.0,212.0,1385.0,6,1610612743
Damian Jones,C,22,15,0,89,11,22,0.5,0,0,11.0,22,0.5,0.5,3.0,5,0.6,5.0,9,14,2,1,3.0,4.0,14.0,25.0,385.0,1,1610612744
Derrick Jones,SF,20,6,0,33,2,4,0.5,0,2,0.0,2,2.0,1.0,0.5,5,6.0,0.833,2,2,4,3,1.0,4.0,1.0,2.0,9.0,21,1610612756
Derrick Jones,SF,20,14,8,212,19,49,0.388,3,16,0.188,16,33.0,0.485,0.418,11,18.0,0.611,19,15,34,6,3.0,9.0,6.0,22.0,52.0,23,1610612748
Jalen Jones,SF,24,4,0,19,1,4,0.25,1,1,1.0,0,3.0,0.0,0.375,2,2.0,1.0,0,3,3,0,0.0,0.0,0.0,2.0,5.0,3,1610612740
Jalen Jones,SF,24,12,0,162,25,64,0.391,9,25,0.36,16,39.0,0.41,0.461,10,17.0,0.588,13,22,35,4,5.0,1.0,7.0,20.0,69.0,28,1610612742
Tyus Jones,PG,21,82,11,1467,150,328,0.457,45,129,0.349,105,199.0,0.528,0.526,71,81.0,0.877,16,116,132,232,95.0,6.0,59.0,110.0,416.0,8,1610612750
DeAndre Jordan,C,29,77,77,2424,373,578,0.645,0,0,373.0,578,0.645,0.645,181.0,312,0.58,329.0,842,1171,117,39,71.0,137.0,203.0,927.0,385.0,9,1610612746
Cory Joseph,PG,26,82,17,2210,256,604,0.424,67,190,0.353,189,414.0,0.457,0.479,70,94.0,0.745,39,224,263,260,80.0,18.0,87.0,141.0,649.0,17,1610612754
Frank Kaminsky,PF,24,79,4,1835,307,716,0.429,104,274,0.38,203,442.0,0.459,0.501,155,194.0,0.799,46,242,288,129,36.0,19.0,66.0,95.0,873.0,10,1610612766
Enes Kanter,C,25,71,71,1830,422,713,0.592,0,2,0.0,422,711.0,0.594,0.592,156,184.0,0.848,273,507,780,105,36.0,37.0,122.0,187.0,1000.0,18,1610612752
Luke Kennard,SG,21,73,9,1463,206,465,0.443,81,195,0.415,125,270.0,0.463,0.53,65,76.0,0.855,21,155,176,124,44.0,13.0,69.0,86.0,558.0,22,1610612765
Michael Kidd-Gilchrist,SF,24,74,74,1850,282,560,0.504,0,2,0.0,282,558.0,0.505,0.504,117,171.0,0.684,84,218,302,71,51.0,32.0,53.0,143.0,681.0,10,1610612766
Sean Kilpatrick,SG,28,16,0,183,25,87,0.287,11,43,0.256,14,44.0,0.318,0.351,18,19.0,0.947,1,34,35,15,2.0,1.0,16.0,8.0,79.0,14,1610612751
Sean Kilpatrick,SG,28,23,0,205,31,82,0.378,13,46,0.283,18,36.0,0.5,0.457,18,19.0,0.947,1,24,25,15,5.0,1.0,9.0,15.0,93.0,15,1610612749
Sean Kilpatrick,SG,28,4,0,38,7,18,0.389,3,7,0.429,4,11.0,0.364,0.472,2,2.0,1.0,0,2,2,3,0.0,0.0,1.0,2.0,19.0,9,1610612746
Sean Kilpatrick,SG,28,9,1,214,47,107,0.439,19,48,0.396,28,59.0,0.475,0.528,26,32.0,0.813,3,22,25,13,6.0,3.0,12.0,8.0,139.0,26,1610612741
Maxi Kleber,PF,26,72,36,1206,151,309,0.489,40,128,0.313,111,181.0,0.613,0.553,44,59.0,0.746,71,163,234,51,26.0,47.0,30.0,114.0,386.0,28,1610612742
Furkan Korkmaz,SG,20,14,0,80,8,28,0.286,5,17,0.294,3,11.0,0.273,0.375,2,4.0,0.5,2,9,11,4,2.0,1.0,2.0,12.0,23.0,7,1610612755
Luke Kornet,PF,22,20,1,326,49,125,0.392,28,79,0.354,21,46.0,0.457,0.504,8,11.0,0.727,11,53,64,26,6.0,16.0,12.0,28.0,134.0,18,1610612752
Kyle Korver,SG,36,73,4,1574,222,484,0.459,164,376,0.436,58,108.0,0.537,0.628,64,72.0,0.889,9,156,165,88,31.0,27.0,55.0,130.0,672.0,5,1610612739
Kosta Koufos,C,28,71,13,1391,222,389,0.571,0,0,222.0,389,0.571,0.571,33.0,74,0.446,149.0,323,472,87,47,32.0,49.0,146.0,477.0,385.0,30,1610612758
Kyle Kuzma,PF,22,77,37,2401,468,1039,0.45,159,434,0.366,309,605.0,0.511,0.527,147,208.0,0.707,88,395,483,141,49.0,34.0,140.0,160.0,1242.0,11,1610612747
Mindaugas Kuzminskas,SF,28,1,0,2,0,2,0.0,0,0,0.0,2,0.0,0.0,0.0,0,0.0,0.0,0,0,0,0,0.0,0.0,0.0,81.0,385.0,18,1610612752
Skal Labissiere,PF,21,60,28,1240,205,458,0.448,18,51,0.353,187,407.0,0.459,0.467,95,118.0,0.805,99,189,288,72,25.0,49.0,73.0,132.0,523.0,30,1610612758
Jeremy Lamb,SG,25,80,18,1967,380,832,0.457,94,254,0.37,286,578.0,0.495,0.513,179,208.0,0.861,49,275,324,186,61.0,32.0,93.0,138.0,1033.0,10,1610612766
Shane Larkin,PG,25,54,2,775,84,219,0.384,31,86,0.36,53,133.0,0.398,0.454,32,37.0,0.865,15,77,92,98,29.0,2.0,33.0,58.0,231.0,20,1610612738
Joffrey Lauvergne,C,26,55,1,534,98,190,0.516,0,5,0.0,98,185.0,0.53,0.516,30,47.0,0.638,63,108,171,41,9.0,3.0,33.0,45.0,226.0,27,1610612759
Zach LaVine,SG,22,24,24,656,136,355,0.383,42,123,0.341,94,232.0,0.405,0.442,87,107.0,0.813,9,85,94,72,24.0,4.0,43.0,55.0,401.0,26,1610612741
Jake Layman,SF,23,35,1,160,14,47,0.298,4,20,0.2,10,27.0,0.37,0.34,2,3.0,0.667,4,12,16,11,6.0,4.0,5.0,13.0,34.0,16,1610612757
T.J. Leaf,PF,20,53,0,459,64,136,0.471,18,42,0.429,46,94.0,0.489,0.537,10,16.0,0.625,29,53,82,9,5.0,4.0,10.0,45.0,156.0,17,1610612754
Courtney Lee,SG,32,76,69,2310,343,755,0.454,113,278,0.406,230,477.0,0.482,0.529,114,124.0,0.919,30,194,224,180,80.0,17.0,84.0,109.0,913.0,18,1610612752
Damion Lee,SG,25,15,11,404,62,152,0.408,15,60,0.25,47,92.0,0.511,0.457,22,29.0,0.759,11,60,71,29,19.0,1.0,14.0,25.0,161.0,25,1610612737
Walt Lemon,PG,25,5,0,35,7,16,0.438,1,1,1.0,6,15.0,0.4,0.469,2,3.0,0.667,0,2,2,5,0.0,1.0,4.0,5.0,17.0,3,1610612740
Alex Len,C,24,69,13,1395,214,378,0.566,1,3,0.333,213,375.0,0.568,0.567,158,231.0,0.684,175,343,518,82,27.0,61.0,78.0,158.0,587.0,21,1610612756
Kawhi Leonard,SF,26,9,9,210,52,111,0.468,11,35,0.314,41,76.0,0.539,0.518,31,38.0,0.816,6,36,42,21,18.0,9.0,16.0,9.0,146.0,27,1610612759
Meyers Leonard,C,25,33,2,254,46,78,0.59,11,26,0.423,35,52.0,0.673,0.66,9,11.0,0.818,12,58,70,17,7.0,0.0,10.0,36.0,112.0,16,1610612757
Jon Leuer,PF,28,8,0,136,15,36,0.417,0,3,0.0,15,33.0,0.455,0.417,13,15.0,0.867,7,25,32,5,1.0,3.0,7.0,16.0,43.0,22,1610612765
Caris LeVert,SF,23,71,10,1864,320,735,0.435,85,245,0.347,235,490.0,0.48,0.493,133,187.0,0.711,53,207,260,299,82.0,22.0,153.0,159.0,858.0,14,1610612751
DeAndre Liggins,SG,29,31,1,480,22,65,0.338,11,36,0.306,11,29.0,0.379,0.423,2,5.0,0.4,5,44,49,27,27.0,10.0,13.0,61.0,57.0,15,1610612749
DeAndre Liggins,SG,29,27,3,244,18,41,0.439,8,17,0.471,10,24.0,0.417,0.537,0,0.0,2.0,24,26,21,10,4.0,7.0,20.0,44.0,385.0,3,1610612740
Damian Lillard,PG,27,73,73,2670,621,1415,0.439,227,629,0.361,394,786.0,0.501,0.519,493,538.0,0.916,62,263,325,481,77.0,27.0,206.0,117.0,1962.0,16,1610612757
Jeremy Lin,PG,29,1,1,25,5,12,0.417,1,2,0.5,4,10.0,0.4,0.458,7,7.0,1.0,0,0,0,4,0.0,0.0,3.0,3.0,18.0,14,1610612751
Shaun Livingston,PG,32,71,7,1129,172,343,0.501,0,5,0.0,172,338.0,0.509,0.501,50,61.0,0.82,32,99,131,140,35.0,21.0,58.0,117.0,394.0,1,1610612744
Kevon Looney,C,21,66,4,910,112,193,0.58,1,5,0.2,111,188.0,0.59,0.583,42,77.0,0.545,83,132,215,42,34.0,56.0,31.0,106.0,267.0,1,1610612744
Brook Lopez,C,29,74,72,1735,369,793,0.465,112,325,0.345,257,468.0,0.549,0.536,111,158.0,0.703,74,220,294,126,30.0,98.0,98.0,195.0,961.0,11,1610612747
Robin Lopez,C,29,64,64,1690,342,645,0.53,4,14,0.286,338,631.0,0.536,0.533,68,90.0,0.756,134,156,290,124,14.0,53.0,107.0,109.0,756.0,26,1610612741
Kevin Love,C,29,59,59,1651,334,729,0.458,137,330,0.415,197,399.0,0.494,0.552,234,266.0,0.88,101,445,546,103,43.0,24.0,90.0,120.0,1039.0,5,1610612739
Kyle Lowry,PG,31,78,78,2510,403,944,0.427,238,596,0.399,165,348.0,0.474,0.553,223,261.0,0.854,66,368,434,537,85.0,19.0,183.0,192.0,1267.0,4,1610612761
Timothe Luwawu-Cabarrot,SF,22,52,7,807,100,267,0.375,53,158,0.335,47,109.0,0.431,0.474,46,58.0,0.793,14,58,72,54,12.0,5.0,38.0,97.0,299.0,7,1610612755
Tyler Lydon,PF,21,1,0,2,0,0,0.0,0,0,0.0,0,0.0,0.0,0.0,0,0.0,0.0,0,0,0,0,24.0,10.0,38.0,81.0,385.0,6,1610612743
Trey Lyles,PF,22,73,2,1391,270,550,0.491,83,218,0.381,187,332.0,0.563,0.566,101,143.0,0.706,55,292,347,91,30.0,34.0,61.0,111.0,724.0,6,1610612743
Shelvin Mack,PG,27,69,3,1365,178,414,0.43,48,139,0.345,130,275.0,0.473,0.488,69,97.0,0.711,23,143,166,272,54.0,8.0,89.0,91.0,473.0,24,1610612753
Josh Magette,PG,28,18,0,216,15,46,0.326,8,22,0.364,7,24.0,0.292,0.413,8,8.0,1.0,2,17,19,57,8.0,1.0,9.0,16.0,46.0,25,1610612737
Ian Mahinmi,C,31,77,0,1145,138,248,0.556,0,2,0.0,138,246.0,0.561,0.556,90,128.0,0.703,135,177,312,53,38.0,42.0,100.0,230.0,366.0,13,1610612764
Thon Maker,C,20,74,12,1238,130,316,0.411,31,104,0.298,99,212.0,0.467,0.46,65,93.0,0.699,75,150,225,46,38.0,53.0,44.0,162.0,356.0,15,1610612749
Boban Marjanovic,C,29,19,1,171,41,79,0.519,0,0,41.0,79,0.519,0.519,36.0,45,0.8,15.0,42,57,14,4,6.0,22.0,28.0,118.0,385.0,22,1610612765
Boban Marjanovic,C,29,20,0,166,38,69,0.551,0,0,38.0,69,0.551,0.551,41.0,52,0.788,33.0,54,87,8,6,5.0,14.0,23.0,117.0,385.0,9,1610612746
Lauri Markkanen,PF,20,68,68,2020,374,862,0.434,145,401,0.362,229,461.0,0.497,0.518,140,166.0,0.843,79,429,508,79,39.0,40.0,83.0,103.0,1033.0,26,1610612741
Jarell Martin,PF,23,73,36,1661,221,496,0.446,34,98,0.347,187,398.0,0.47,0.48,89,116.0,0.767,97,221,318,73,39.0,49.0,86.0,211.0,565.0,29,1610612763
Frank Mason,PG,23,52,2,984,144,380,0.379,31,86,0.36,113,294.0,0.384,0.42,94,115.0,0.817,30,100,130,147,34.0,10.0,65.0,72.0,413.0,30,1610612758
Mangok Mathiang,C,25,4,0,20,4,7,0.571,0,0,4.0,7,0.571,0.571,0.0,1,0.0,3.0,7,10,0,1,0.0,0.0,5.0,8.0,385.0,10,1610612766
Wesley Matthews,SF,31,63,62,2131,283,697,0.406,153,402,0.381,130,295.0,0.441,0.516,83,101.0,0.822,28,170,198,172,76.0,16.0,83.0,140.0,802.0,28,1610612742
Luc Mbah a Moute,PF,31,61,15,1564,166,345,0.481,63,173,0.364,103,172.0,0.599,0.572,65,95.0,0.684,22,164,186,55,72.0,25.0,68.0,100.0,460.0,2,1610612745
James Michael McAdoo,PF,25,3,0,18,2,7,0.286,2,7,0.286,0,0.0,0.429,2.0,2,1.0,0.0,2,2,0,0,1.0,1.0,1.0,8.0,385.0,7,1610612755
Patrick McCaw,SG,22,57,10,961,92,225,0.409,19,80,0.238,73,145.0,0.503,0.451,26,34.0,0.765,16,66,82,81,43.0,10.0,41.0,67.0,229.0,1,1610612744
CJ McCollum,SG,26,81,81,2923,667,1505,0.443,189,476,0.397,478,1029.0,0.465,0.506,209,250.0,0.836,53,268,321,272,77.0,35.0,151.0,168.0,1732.0,16,1610612757
T.J. McConnell,PG,25,76,1,1706,210,421,0.499,27,62,0.435,183,359.0,0.51,0.531,31,39.0,0.795,37,189,226,303,92.0,13.0,112.0,122.0,478.0,7,1610612755
Erik McCree,SF,24,4,0,8,0,2,0.0,0,1,0.0,0,1.0,0.0,0.0,0,0.0,0.0,1,1,0,1,0.0,1.0,0.0,0.0,385.0,19,1610612762
Chris McCullough,PF,22,19,0,90,18,42,0.429,1,8,0.125,17,34.0,0.5,0.44,9,14.0,0.643,7,18,25,4,0.0,5.0,2.0,8.0,46.0,13,1610612764
Doug McDermott,SF,26,55,1,1172,151,328,0.46,53,137,0.387,98,191.0,0.513,0.541,40,53.0,0.755,33,101,134,50,10.0,12.0,34.0,73.0,395.0,18,1610612752
Doug McDermott,SF,26,26,3,596,86,180,0.478,39,79,0.494,47,101.0,0.465,0.586,24,28.0,0.857,7,59,66,29,9.0,4.0,22.0,49.0,235.0,28,1610612742
JaVale McGee,C,30,65,17,615,136,219,0.621,0,6,0.0,136,213.0,0.638,0.621,38,52.0,0.731,59,110,169,33,21.0,57.0,27.0,91.0,310.0,1,1610612744
Rodney McGruder,SG,26,18,2,299,36,73,0.493,15,35,0.429,21,38.0,0.553,0.596,4,8.0,0.5,11,21,32,17,8.0,3.0,4.0,21.0,91.0,23,1610612748
Trey McKinney-Jones,SG,27,1,0,1,0,0,0.0,0,0,0.0,0,0.0,0.0,0.0,0,0.0,0.0,0,0,0,0,24.0,10.0,38.0,81.0,385.0,17,1610612754
Alfonzo McKinnie,SF,25,14,0,53,8,15,0.533,3,9,0.333,5,6.0,0.833,0.633,2,3.0,0.667,1,6,7,1,1.0,1.0,3.0,8.0,21.0,4,1610612761
Ben McLemore,SG,24,56,17,1091,157,373,0.421,55,159,0.346,102,214.0,0.477,0.495,53,64.0,0.828,34,105,139,51,38.0,15.0,61.0,139.0,422.0,29,1610612763
Josh McRoberts,PF,30,2,0,6,0,1,0.0,0,1,0.0,0,0.0,0.0,0.0,0,0.0,0.0,0,0,0,0,0.0,2.0,0.0,81.0,385.0,28,1610612742
Jodie Meeks,SG,30,77,0,1119,157,393,0.399,72,210,0.343,85,183.0,0.464,0.491,101,117.0,0.863,15,111,126,70,29.0,4.0,37.0,55.0,487.0,13,1610612764
Salah Mejri,C,31,61,1,729,88,137,0.642,0,3,0.0,88,134.0,0.657,0.642,38,66.0,0.576,85,161,246,35,22.0,67.0,39.0,121.0,214.0,28,1610612742
Jordan Mickey,PF,23,23,3,284,39,82,0.476,2,16,0.125,37,66.0,0.561,0.488,13,19.0,0.684,18,63,81,9,6.0,10.0,18.0,36.0,93.0,23,1610612748
Khris Middleton,SF,26,82,82,2982,593,1272,0.466,146,407,0.359,447,865.0,0.517,0.524,320,362.0,0.884,45,384,429,328,119.0,21.0,191.0,270.0,1652.0,15,1610612749
C.J. Miles,SF,30,70,3,1337,227,599,0.379,164,454,0.361,63,145.0,0.434,0.516,81,97.0,0.835,18,134,152,55,37.0,21.0,39.0,134.0,699.0,4,1610612761
Darius Miller,SF,27,82,3,1944,216,487,0.444,147,358,0.411,69,129.0,0.535,0.594,58,67.0,0.866,18,146,164,111,28.0,17.0,58.0,160.0,637.0,3,1610612740
Malcolm Miller,SF,24,15,4,126,13,28,0.464,8,21,0.381,5,7.0,0.714,0.607,4,4.0,1.0,4,11,15,3,1.0,2.0,5.0,10.0,38.0,4,1610612761
Patty Mills,PG,29,82,36,2107,280,682,0.411,154,414,0.372,126,268.0,0.47,0.523,105,118.0,0.89,26,128,154,229,55.0,11.0,106.0,128.0,819.0,27,1610612759
Paul Millsap,PF,32,38,37,1143,202,435,0.464,39,113,0.345,163,322.0,0.506,0.509,112,161.0,0.696,65,180,245,105,39.0,44.0,73.0,99.0,555.0,6,1610612743
Nikola Mirotic,PF,26,25,3,622,143,302,0.474,69,161,0.429,74,141.0,0.525,0.588,65,79.0,0.823,18,141,159,39,15.0,13.0,31.0,45.0,420.0,26,1610612741
Nikola Mirotic,PF,26,30,11,872,163,382,0.427,66,197,0.335,97,185.0,0.524,0.513,47,58.0,0.81,41,205,246,41,29.0,26.0,31.0,63.0,439.0,3,1610612740
Donovan Mitchell,SG,21,79,71,2638,595,1362,0.437,187,550,0.34,408,812.0,0.502,0.506,239,297.0,0.805,52,244,296,291,118.0,27.0,215.0,213.0,1616.0,19,1610612762
Naz Mitrou-Long,SG,24,1,0,1,1,1,1.0,1,1,1.0,0,0.0,1.5,0.0,0,0.0,0.0,0,0,0,0,0.0,0.0,3.0,81.0,385.0,19,1610612762
Malik Monk,SG,19,63,0,854,153,425,0.36,83,243,0.342,70,182.0,0.385,0.458,32,38.0,0.842,8,58,66,91,20.0,9.0,49.0,60.0,421.0,10,1610612766
Greg Monroe,C,27,5,0,79,16,33,0.485,0,0,16.0,33,0.485,0.485,2.0,4,0.5,6.0,19,25,5,0,0.0,6.0,7.0,34.0,385.0,15,1610612749
Greg Monroe,C,27,20,14,465,97,155,0.626,0,0,97.0,155,0.626,0.626,31.0,46,0.674,50.0,110,160,50,16,6.0,40.0,40.0,225.0,385.0,21,1610612756
Greg Monroe,C,27,26,0,496,105,198,0.53,0,0,105.0,198,0.53,0.53,55.0,69,0.797,53.0,112,165,59,28,17.0,48.0,48.0,265.0,385.0,20,1610612738
Luis Montero,SG,24,2,0,8,0,1,0.0,0,0,0.0,1,0.0,0.0,0.0,0,0.0,2.0,2,0,0,0,2.0,0.0,0.0,81.0,385.0,22,1610612765
Ben Moore,PF,22,2,0,9,0,0,0.0,0,0,0.0,0,0.0,0.0,1.0,1,1.0,0.0,0,0,4,0,24.0,10.0,38.0,81.0,385.0,17,1610612754
E'Twaun Moore,SG,28,82,80,2586,423,832,0.508,128,301,0.425,295,531.0,0.556,0.585,48,68.0,0.706,57,181,238,187,79.0,12.0,102.0,182.0,1022.0,3,1610612740
Eric Moreland,PF,26,67,3,805,66,122,0.541,0,0,66.0,122,0.541,0.541,11.0,29,0.379,81.0,197,278,78,31,51.0,42.0,116.0,143.0,385.0,22,1610612765
Jaylen Morris,SG,22,6,0,98,13,32,0.406,2,10,0.2,11,22.0,0.5,0.438,0,0.0,2.0,14,16,7,2,1.0,6.0,2.0,28.0,385.0,25,1610612737
Marcus Morris,PF,28,54,21,1447,262,611,0.429,86,234,0.368,176,377.0,0.467,0.499,124,154.0,0.805,43,246,289,72,35.0,12.0,65.0,100.0,734.0,20,1610612738
Markieff Morris,PF,28,73,73,1968,330,687,0.48,76,207,0.367,254,480.0,0.529,0.536,105,128.0,0.82,75,334,409,142,56.0,38.0,127.0,216.0,841.0,13,1610612764
Monte Morris,PG,22,3,0,25,4,6,0.667,0,1,0.0,4,5.0,0.8,0.667,2,2.0,1.0,0,2,2,7,3.0,0.0,1.0,1.0,10.0,6,1610612743
Johnathan Motley,PF,22,11,4,176,40,75,0.533,1,6,0.167,39,69.0,0.565,0.54,15,28.0,0.536,14,35,49,7,3.0,2.0,9.0,18.0,96.0,28,1610612742
Timofey Mozgov,C,31,31,13,359,52,93,0.559,4,18,0.222,48,75.0,0.64,0.581,23,30.0,0.767,32,66,98,11,5.0,13.0,33.0,39.0,131.0,14,1610612751
Emmanuel Mudiay,PG,21,42,0,752,129,322,0.401,38,102,0.373,91,220.0,0.414,0.46,63,78.0,0.808,16,78,94,121,21.0,4.0,72.0,47.0,359.0,6,1610612743
Emmanuel Mudiay,PG,21,22,14,493,75,204,0.368,9,46,0.196,66,158.0,0.418,0.39,35,51.0,0.686,10,48,58,85,20.0,7.0,41.0,33.0,194.0,18,1610612752
Shabazz Muhammad,SF-SG,25,32,2,301,47,121,0.388,4,19,0.211,43,102.0,0.422,0.405,22,31.0,0.71,15,30,45,7,5.0,2.0,5.0,23.0,120.0,8,1610612750
Shabazz Muhammad,SF-SG,25,11,0,117,37,67,0.552,3,8,0.375,34,59.0,0.576,0.575,17,19.0,0.895,8,23,31,7,4.0,1.0,1.0,7.0,94.0,15,1610612749
Xavier Munford,SG,25,6,0,21,1,6,0.167,0,2,0.0,1,4.0,0.25,0.167,1,2.0,0.5,1,0,1,4,1.0,0.0,2.0,4.0,3.0,15,1610612749
Dejounte Murray,PG,21,81,48,1743,270,609,0.443,9,34,0.265,261,575.0,0.454,0.451,105,148.0,0.709,110,349,459,231,97.0,31.0,134.0,151.0,654.0,27,1610612759
Jamal Murray,PG,20,81,80,2565,479,1062,0.451,165,436,0.378,314,626.0,0.502,0.529,229,253.0,0.905,82,215,297,274,79.0,28.0,172.0,173.0,1352.0,6,1610612743
Mike Muscala,C,26,53,7,1060,143,312,0.458,62,167,0.371,81,145.0,0.559,0.558,57,62.0,0.919,56,174,230,51,31.0,27.0,42.0,80.0,405.0,25,1610612737
Abdel Nader,SF,24,48,1,522,50,149,0.336,23,65,0.354,27,84.0,0.321,0.413,23,39.0,0.59,13,58,71,26,15.0,10.0,34.0,45.0,146.0,20,1610612738
Larry Nance,C,25,42,17,922,152,253,0.601,1,4,0.25,151,249.0,0.606,0.603,55,87.0,0.632,108,176,284,57,59.0,20.0,41.0,113.0,360.0,11,1610612747
Larry Nance,C,25,24,10,499,88,160,0.55,1,8,0.125,87,152.0,0.572,0.553,36,50.0,0.72,53,115,168,25,29.0,18.0,10.0,59.0,213.0,5,1610612739
Shabazz Napier,PG,26,74,10,1535,223,531,0.42,82,218,0.376,141,313.0,0.45,0.497,116,138.0,0.841,26,144,170,150,81.0,14.0,90.0,84.0,644.0,16,1610612757
Jameer Nelson,PG,35,43,0,897,84,205,0.41,40,110,0.364,44,95.0,0.463,0.507,13,17.0,0.765,11,85,96,156,23.0,3.0,56.0,67.0,221.0,3,1610612740
Jameer Nelson,PG,35,7,0,116,11,39,0.282,1,14,0.071,10,25.0,0.4,0.295,3,3.0,1.0,2,6,8,23,4.0,1.0,11.0,14.0,26.0,22,1610612765
Raul Neto,PG,25,41,0,498,69,151,0.457,19,47,0.404,50,104.0,0.481,0.52,26,35.0,0.743,7,42,49,75,13.0,4.0,36.0,38.0,183.0,19,1610612762
Georges Niang,PF,24,9,0,32,4,11,0.364,0,4,0.0,4,7.0,0.571,0.364,1,2.0,0.5,3,6,9,3,2.0,0.0,3.0,1.0,9.0,19,1610612762
Joakim Noah,C,32,7,0,40,5,10,0.5,0,0,5.0,10,0.5,0.5,2.0,4,0.5,6.0,8,14,4,2,2.0,4.0,5.0,12.0,385.0,18,1610612752
Nerlens Noel,C,23,30,6,472,55,105,0.524,0,1,0.0,55,104.0,0.529,0.524,21,28.0,0.75,48,120,168,20,31.0,22.0,26.0,59.0,131.0,28,1610612742
Lucas Nogueira,C,25,49,3,418,49,80,0.613,5,19,0.263,44,61.0,0.721,0.644,19,28.0,0.679,18,69,87,22,23.0,43.0,16.0,49.0,122.0,4,1610612761
Dirk Nowitzki,C,39,77,77,1900,346,758,0.456,138,337,0.409,208,421.0,0.494,0.547,97,108.0,0.898,22,416,438,120,43.0,45.0,51.0,146.0,927.0,28,1610612742
Frank Ntilikina,PG,19,78,9,1706,182,500,0.364,50,157,0.318,132,343.0,0.385,0.414,49,68.0,0.721,37,140,177,250,65.0,18.0,131.0,181.0,463.0,18,1610612752
Jusuf Nurkic,C,23,79,79,2088,480,951,0.505,0,7,0.0,480,944.0,0.508,0.505,172,273.0,0.63,189,519,708,143,64.0,111.0,183.0,247.0,1132.0,16,1610612757
David Nwaba,SG,25,70,21,1646,202,423,0.478,18,52,0.346,184,371.0,0.496,0.499,133,203.0,0.655,89,237,326,104,59.0,29.0,77.0,158.0,555.0,26,1610612741
Johnny O'Bryant,PF,24,36,0,379,68,171,0.398,14,43,0.326,54,128.0,0.422,0.439,21,25.0,0.84,29,64,93,14,9.0,6.0,15.0,45.0,171.0,10,1610612766
Royce O'Neale,SF,24,69,4,1150,120,284,0.423,42,118,0.356,78,166.0,0.47,0.496,61,76.0,0.803,25,211,236,95,36.0,16.0,55.0,105.0,343.0,19,1610612762
Kyle O'Quinn,C,27,77,10,1387,224,384,0.583,4,17,0.235,220,367.0,0.599,0.589,98,127.0,0.772,121,349,470,158,36.0,98.0,100.0,192.0,550.0,18,1610612752
Semi Ojeleye,PF,23,73,0,1150,65,188,0.346,40,125,0.32,25,63.0,0.397,0.452,25,41.0,0.61,37,124,161,20,21.0,4.0,25.0,91.0,195.0,20,1610612738
Emeka Okafor,C,35,26,19,353,48,95,0.505,0,0,48.0,95,0.505,0.505,18.0,22,0.818,47.0,73,120,8,8,25.0,13.0,30.0,114.0,385.0,3,1610612740
Jahlil Okafor,C,22,2,0,25,4,9,0.444,0,0,4.0,9,0.444,0.444,2.0,4,0.5,4.0,5,9,1,0,2.0,3.0,7.0,10.0,385.0,7,1610612755
Jahlil Okafor,C,22,26,0,328,73,129,0.566,1,4,0.25,72,125.0,0.576,0.57,19,25.0,0.76,17,59,76,11,3.0,16.0,18.0,44.0,166.0,14,1610612751
Victor Oladipo,SG,25,75,75,2552,640,1342,0.477,161,434,0.371,479,908.0,0.528,0.537,294,368.0,0.799,47,343,390,323,177.0,57.0,219.0,175.0,1735.0,17,1610612754
Kelly Olynyk,PF,26,76,22,1779,316,636,0.497,106,280,0.379,210,356.0,0.59,0.58,134,174.0,0.77,89,342,431,207,62.0,35.0,147.0,222.0,872.0,23,1610612748
Chinanu Onuaku,C,21,1,0,22,2,5,0.4,0,0,2.0,5,0.4,0.4,0.0,0,1.0,3.0,4,1,0,0,3.0,4.0,4.0,81.0,385.0,2,1610612745
Cedi Osman,SF,22,61,12,672,90,186,0.484,32,87,0.368,58,99.0,0.586,0.57,26,46.0,0.565,19,101,120,41,22.0,3.0,32.0,78.0,238.0,5,1610612739
Kelly Oubre,SF,22,81,11,2231,318,790,0.403,126,369,0.341,192,421.0,0.456,0.482,191,233.0,0.82,59,304,363,98,80.0,35.0,90.0,234.0,953.0,13,1610612764
Zaza Pachulia,C,33,69,57,972,149,264,0.564,0,1,0.0,149,263.0,0.567,0.564,75,93.0,0.806,89,232,321,109,38.0,17.0,72.0,122.0,373.0,1,1610612744
Marcus Paige,PG,24,5,0,28,4,14,0.286,2,8,0.25,2,6.0,0.333,0.357,2,2.0,1.0,0,4,4,3,0.0,0.0,0.0,0.0,12.0,10,1610612766
Georgios Papagiannis,C,20,16,0,118,17,41,0.415,0,0,17.0,41,0.415,0.415,0.0,0,12.0,24.0,36,9,2,6,8.0,12.0,34.0,81.0,385.0,30,1610612758
Georgios Papagiannis,C,20,1,0,4,1,1,1.0,0,0,1.0,1,1.0,1.0,0.0,0,1.0,0.0,1,0,2,0,0.0,0.0,2.0,81.0,385.0,16,1610612757
Jabari Parker,PF,22,31,3,743,160,332,0.482,31,81,0.383,129,251.0,0.514,0.529,40,54.0,0.741,42,109,151,59,25.0,10.0,45.0,50.0,391.0,15,1610612749
Tony Parker,PG,35,55,21,1071,178,388,0.459,10,37,0.27,168,351.0,0.479,0.472,55,78.0,0.705,7,88,95,195,28.0,1.0,68.0,52.0,421.0,27,1610612759
Chandler Parsons,SF,29,36,8,691,108,234,0.462,51,121,0.421,57,113.0,0.504,0.571,17,27.0,0.63,14,76,90,69,18.0,11.0,35.0,53.0,284.0,29,1610612763
Patrick Patterson,PF,28,82,3,1270,106,266,0.398,66,171,0.386,40,95.0,0.421,0.523,40,46.0,0.87,32,161,193,57,48.0,23.0,33.0,87.0,318.0,12,1610612760
Justin Patton,C,20,1,0,4,1,2,0.5,0,0,1.0,2,0.5,0.5,0.0,0,0.0,0.0,0,0,1,0,0.0,1.0,2.0,81.0,385.0,8,1610612750
Brandon Paul,SG,26,64,2,576,55,127,0.433,15,54,0.278,40,73.0,0.548,0.492,22,43.0,0.512,6,62,68,37,25.0,7.0,29.0,58.0,147.0,27,1610612759
Chris Paul,PG,32,58,58,1847,367,798,0.46,144,379,0.38,223,419.0,0.532,0.55,203,221.0,0.919,37,276,313,457,96.0,14.0,128.0,141.0,1081.0,2,1610612745
Adreian Payne,PF,26,5,0,43,7,10,0.7,2,3,0.667,5,7.0,0.714,0.8,5,6.0,0.833,2,7,9,0,2.0,0.0,2.0,6.0,21.0,24,1610612753
Cameron Payne,PG,23,25,14,582,87,215,0.405,35,91,0.385,52,124.0,0.419,0.486,12,16.0,0.75,18,51,69,113,26.0,9.0,36.0,44.0,221.0,26,1610612741
Elfrid Payton,PG,23,44,44,1257,238,458,0.52,25,67,0.373,213,391.0,0.545,0.547,72,114.0,0.632,47,127,174,275,64.0,16.0,114.0,97.0,573.0,24,1610612753
Elfrid Payton,PG,23,19,19,551,91,209,0.435,5,25,0.2,86,184.0,0.467,0.447,37,54.0,0.685,17,83,100,118,19.0,6.0,54.0,50.0,224.0,21,1610612756
Gary Payton,PG,25,12,6,106,13,33,0.394,2,12,0.167,11,21.0,0.524,0.424,2,3.0,0.667,4,13,17,9,3.0,1.0,3.0,17.0,30.0,15,1610612749
Gary Payton,PG,25,11,0,115,17,41,0.415,4,13,0.308,13,28.0,0.464,0.463,1,6.0,0.167,9,18,27,12,4.0,2.0,4.0,13.0,39.0,11,1610612747
Kendrick Perkins,C,33,1,0,15,1,2,0.5,0,0,1.0,2,0.5,0.5,1.0,2,0.5,0.0,1,1,2,1,0.0,1.0,1.0,3.0,385.0,5,1610612739
London Perrantes,PG,23,14,0,66,2,13,0.154,0,3,0.0,2,10.0,0.2,0.154,3,5.0,0.6,1,3,4,5,2.0,1.0,1.0,6.0,7.0,5,1610612739
Alec Peters,PF,22,20,0,225,28,74,0.378,18,58,0.31,10,16.0,0.625,0.5,8,10.0,0.8,8,29,37,12,2.0,2.0,4.0,13.0,82.0,21,1610612756
Marshall Plumlee,C,25,8,0,52,1,3,0.333,0,0,1.0,3,0.333,0.333,12.0,16,0.75,4.0,13,17,2,0,1.0,3.0,10.0,14.0,385.0,15,1610612749
Mason Plumlee,C,27,74,26,1439,221,368,0.601,0,1,0.0,221,367.0,0.602,0.601,82,179.0,0.458,132,268,400,142,49.0,81.0,103.0,184.0,524.0,6,1610612743
Miles Plumlee,C,29,55,35,918,105,180,0.583,0,0,105.0,180,0.583,0.583,27.0,60,0.45,77.0,151,228,45,17,30.0,63.0,79.0,237.0,385.0,25,1610612737
Jakob Poeltl,C,22,82,0,1524,253,384,0.659,1,2,0.5,252,382.0,0.66,0.66,60,101.0,0.594,165,228,393,57,39.0,100.0,85.0,212.0,567.0,4,1610612761
Quincy Pondexter,SF,29,23,1,196,14,49,0.286,3,22,0.136,11,27.0,0.407,0.316,14,17.0,0.824,8,19,27,9,8.0,2.0,11.0,24.0,45.0,26,1610612741
Otto Porter,SF,24,77,77,2432,445,885,0.503,138,313,0.441,307,572.0,0.537,0.581,106,128.0,0.828,103,389,492,157,116.0,41.0,75.0,151.0,1134.0,13,1610612764
Bobby Portis,PF,22,73,4,1643,382,811,0.471,80,223,0.359,302,588.0,0.514,0.52,120,156.0,0.769,159,339,498,123,50.0,23.0,103.0,130.0,964.0,26,1610612741
Kristaps Porzingis,PF,22,48,48,1553,390,889,0.439,90,228,0.395,300,661.0,0.454,0.489,218,275.0,0.793,62,254,316,57,36.0,115.0,93.0,141.0,1088.0,18,1610612752
Dwight Powell,C,26,79,25,1672,255,430,0.593,28,84,0.333,227,346.0,0.656,0.626,133,185.0,0.719,135,309,444,91,67.0,32.0,59.0,186.0,671.0,28,1610612742
Norman Powell,SG,24,70,18,1062,150,374,0.401,53,186,0.285,97,188.0,0.516,0.472,32,39.0,0.821,14,105,119,89,37.0,16.0,66.0,111.0,385.0,4,1610612761
Alex Poythress,PF,24,25,0,104,11,26,0.423,4,11,0.364,7,15.0,0.467,0.5,0,0.0,7.0,10,17,2,3,1.0,2.0,16.0,26.0,385.0,17,1610612754
Jacob Pullen,PG,28,3,0,6,1,2,0.5,0,1,0.0,1,1.0,1.0,0.5,0,0.0,0.0,0,0,0,0,0.0,1.0,0.0,2.0,385.0,7,1610612755
Rodney Purvis,SG,23,16,2,290,35,107,0.327,13,52,0.25,22,55.0,0.4,0.388,13,15.0,0.867,1,26,27,17,3.0,3.0,10.0,26.0,96.0,24,1610612753
Zhou Qi,C,22,18,0,124,6,32,0.188,2,19,0.105,4,13.0,0.308,0.219,8,12.0,0.667,6,16,22,2,2.0,14.0,10.0,14.0,22.0,2,1610612745
Tim Quarterman,SG,23,3,0,13,1,3,0.333,0,2,0.0,1,1.0,1.0,0.333,2,2.0,1.0,0,3,3,1,0.0,0.0,2.0,1.0,4.0,2,1610612745
Ivan Rabb,PF,20,36,5,516,86,152,0.566,0,0,86.0,152,0.566,0.566,29.0,36,0.806,53.0,105,158,32,12,13.0,35.0,55.0,201.0,385.0,29,1610612763
Julius Randle,C,23,82,49,2190,504,904,0.558,10,45,0.222,494,859.0,0.575,0.563,305,425.0,0.718,181,473,654,210,43.0,45.0,213.0,274.0,1323.0,11,1610612747
Zach Randolph,PF,36,59,57,1508,361,763,0.473,51,147,0.347,310,616.0,0.503,0.507,84,107.0,0.785,97,300,397,127,42.0,10.0,116.0,119.0,857.0,30,1610612758
Xavier Rathan-Mayes,SG,23,5,0,118,12,42,0.286,1,14,0.071,11,28.0,0.393,0.298,4,9.0,0.444,0,5,5,18,6.0,3.0,11.0,18.0,29.0,29,1610612763
J.J. Redick,SG,33,70,70,2116,404,879,0.46,193,460,0.42,211,419.0,0.504,0.569,197,218.0,0.904,9,169,178,210,35.0,6.0,103.0,123.0,1198.0,7,1610612755
Davon Reed,SG,22,21,1,242,22,76,0.289,11,38,0.289,11,38.0,0.289,0.362,8,12.0,0.667,2,37,39,13,10.0,2.0,10.0,17.0,63.0,21,1610612756
Willie Reed,C,27,39,5,419,80,120,0.667,1,2,0.5,79,118.0,0.669,0.671,32,55.0,0.582,35,85,120,9,9.0,22.0,19.0,53.0,193.0,9,1610612746
Willie Reed,C,27,3,0,9,1,1,1.0,0,0,1.0,1,1.0,1.0,0.0,0,0.0,1.0,1,1,0,0,0.0,3.0,2.0,81.0,385.0,22,1610612765
Josh Richardson,SF,24,81,81,2689,399,885,0.451,127,336,0.378,272,549.0,0.495,0.523,120,142.0,0.845,69,216,285,231,121.0,75.0,140.0,199.0,1045.0,23,1610612748
Malachi Richardson,SG,22,25,4,319,29,88,0.33,12,39,0.308,17,49.0,0.347,0.398,17,22.0,0.773,5,28,33,13,10.0,1.0,10.0,27.0,87.0,30,1610612758
Malachi Richardson,SG,22,1,0,5,1,2,0.5,0,1,0.0,1,1.0,1.0,0.5,0,0.0,0.0,1,1,0,0,0.0,0.0,0.0,2.0,385.0,4,1610612761
Austin Rivers,SG,25,61,59,2057,341,805,0.424,136,360,0.378,205,445.0,0.461,0.508,102,159.0,0.642,27,118,145,242,74.0,16.0,109.0,152.0,920.0,9,1610612746
Andre Roberson,SG,26,39,39,1037,87,162,0.537,8,36,0.222,79,126.0,0.627,0.562,12,38.0,0.316,75,110,185,46,45.0,35.0,30.0,89.0,194.0,12,1610612760
Devin Robinson,SF,22,1,0,13,1,3,0.333,0,0,1.0,3,0.333,0.333,0.0,0,2.0,3.0,5,0,1,0,0.0,2.0,2.0,81.0,385.0,13,1610612764
Glenn Robinson,SF,24,23,1,338,36,85,0.424,14,34,0.412,22,51.0,0.431,0.506,9,11.0,0.818,11,26,37,17,13.0,1.0,5.0,14.0,95.0,17,1610612754
Rajon Rondo,PG,31,65,63,1705,231,494,0.468,50,150,0.333,181,344.0,0.526,0.518,25,46.0,0.543,31,232,263,533,70.0,10.0,151.0,119.0,537.0,3,1610612740
Derrick Rose,PG,29,16,7,308,58,132,0.439,6,24,0.25,52,108.0,0.481,0.462,35,41.0,0.854,10,19,29,26,3.0,4.0,28.0,14.0,157.0,5,1610612739
Derrick Rose,PG,29,9,0,112,23,54,0.426,1,6,0.167,22,48.0,0.458,0.435,5,5.0,1.0,3,3,6,11,4.0,0.0,7.0,2.0,52.0,8,1610612750
Terrence Ross,SG,26,24,20,600,76,191,0.398,30,93,0.323,46,98.0,0.469,0.476,27,36.0,0.75,10,63,73,38,27.0,11.0,29.0,45.0,209.0,24,1610612753
Terry Rozier,PG,23,80,16,2068,316,800,0.395,153,402,0.381,163,398.0,0.41,0.491,115,149.0,0.772,63,313,376,232,80.0,19.0,80.0,123.0,900.0,20,1610612738
Ricky Rubio,PG,27,77,77,2254,346,827,0.418,96,273,0.352,250,554.0,0.451,0.476,220,254.0,0.866,44,307,351,410,121.0,11.0,207.0,206.0,1008.0,19,1610612762
D'Angelo Russell,PG,21,48,35,1234,278,672,0.414,90,278,0.324,188,394.0,0.477,0.481,97,131.0,0.74,30,159,189,249,36.0,17.0,147.0,93.0,743.0,14,1610612751
Domantas Sabonis,C,21,74,19,1810,340,661,0.514,13,37,0.351,327,624.0,0.524,0.524,168,224.0,0.75,165,407,572,151,40.0,32.0,137.0,220.0,861.0,17,1610612754
JaKarr Sampson,SF,24,22,6,344,44,81,0.543,5,10,0.5,39,71.0,0.549,0.574,10,16.0,0.625,21,57,78,9,8.0,22.0,8.0,48.0,103.0,30,1610612758
Dario Saric,PF,23,78,73,2310,403,890,0.453,157,399,0.393,246,491.0,0.501,0.541,178,207.0,0.86,154,366,520,202,51.0,20.0,148.0,160.0,1141.0,7,1610612755
Tomas Satoransky,SG,26,73,30,1643,201,384,0.523,47,101,0.465,154,283.0,0.544,0.585,75,96.0,0.781,72,161,233,286,52.0,15.0,83.0,131.0,524.0,13,1610612764
Dennis Schroder,PG,24,67,67,2078,500,1146,0.436,76,262,0.29,424,884.0,0.48,0.469,225,265.0,0.849,44,164,208,417,72.0,6.0,183.0,147.0,1301.0,25,1610612737
Mike Scott,PF,29,76,1,1406,276,524,0.527,66,163,0.405,210,361.0,0.582,0.59,50,76.0,0.658,50,197,247,80,23.0,10.0,79.0,148.0,668.0,13,1610612764
Thabo Sefolosha,SF,33,38,6,806,118,240,0.492,32,84,0.381,86,156.0,0.551,0.558,44,54.0,0.815,29,132,161,33,52.0,12.0,30.0,59.0,312.0,19,1610612762
Wayne Selden,SG,23,35,9,692,116,269,0.431,49,122,0.402,67,147.0,0.456,0.522,44,59.0,0.746,16,40,56,66,18.0,5.0,54.0,59.0,325.0,29,1610612763
Ramon Sessions,PG,31,13,3,167,17,53,0.321,2,11,0.182,15,42.0,0.357,0.34,12,15.0,0.8,1,17,18,27,7.0,1.0,15.0,14.0,48.0,18,1610612752
Ramon Sessions,PG,31,15,0,225,25,64,0.391,6,15,0.4,19,49.0,0.388,0.438,32,42.0,0.762,5,15,20,50,7.0,1.0,15.0,15.0,88.0,13,1610612764
Iman Shumpert,SG,27,14,6,276,22,58,0.379,7,26,0.269,15,32.0,0.469,0.44,11,15.0,0.733,7,34,41,17,9.0,4.0,16.0,22.0,62.0,5,1610612739
Pascal Siakam,PF,23,81,5,1679,253,498,0.508,29,132,0.22,224,366.0,0.612,0.537,54,87.0,0.621,79,285,364,159,62.0,42.0,67.0,166.0,589.0,4,1610612761
Xavier Silas,SG,30,2,0,7,0,3,0.0,0,2,0.0,0,1.0,0.0,0.0,0,0.0,1.0,1,2,0,1,0.0,0.0,1.0,0.0,385.0,20,1610612738
Ben Simmons,PG,21,81,81,2732,544,998,0.545,0,11,0.0,544,987.0,0.551,0.545,191,341.0,0.56,145,514,659,661,140.0,70.0,278.0,211.0,1279.0,7,1610612755
Jonathon Simmons,SG,28,69,50,2029,354,761,0.465,69,204,0.338,285,557.0,0.512,0.511,185,241.0,0.768,61,178,239,171,58.0,16.0,146.0,175.0,962.0,24,1610612753
Kobi Simmons,PG,20,32,12,643,80,189,0.423,11,39,0.282,69,150.0,0.46,0.452,25,25.0,1.0,14,36,50,68,18.0,5.0,44.0,61.0,196.0,29,1610612763
Kyle Singler,SF,29,12,0,59,7,21,0.333,2,5,0.4,5,16.0,0.313,0.381,7,13.0,0.538,1,9,10,2,1.0,0.0,3.0,4.0,23.0,12,1610612760
Marcus Smart,SG,23,54,11,1614,189,515,0.367,75,249,0.301,114,266.0,0.429,0.44,97,133.0,0.729,43,146,189,259,71.0,23.0,129.0,133.0,550.0,20,1610612738
Dennis Smith,PG,20,69,69,2049,404,1024,0.395,106,339,0.313,298,685.0,0.435,0.446,134,193.0,0.694,50,210,260,358,71.0,18.0,194.0,152.0,1048.0,28,1610612742
Ish Smith,PG,29,82,35,2043,389,801,0.486,35,101,0.347,354,700.0,0.506,0.507,81,116.0,0.698,27,197,224,360,64.0,20.0,108.0,140.0,894.0,22,1610612765
J.R. Smith,SG,32,80,61,2244,240,595,0.403,143,381,0.375,97,214.0,0.453,0.524,39,56.0,0.696,29,206,235,141,68.0,11.0,81.0,161.0,662.0,5,1610612739
Jason Smith,C,31,33,2,285,45,115,0.391,4,32,0.125,41,83.0,0.494,0.409,19,21.0,0.905,18,35,53,14,3.0,13.0,16.0,44.0,113.0,13,1610612764
Josh Smith,PF,32,3,0,12,1,4,0.25,0,0,1.0,4,0.25,0.25,0.0,0,3.0,1.0,4,0,0,0,0.0,3.0,2.0,81.0,385.0,3,1610612740
Tony Snell,SG,26,75,59,2053,185,425,0.435,108,268,0.403,77,157.0,0.49,0.562,38,48.0,0.792,9,132,141,98,47.0,28.0,36.0,115.0,516.0,15,1610612749
Marreese Speights,C,30,52,3,675,138,349,0.395,86,233,0.369,52,116.0,0.448,0.519,40,55.0,0.727,21,112,133,40,8.0,22.0,40.0,106.0,402.0,24,1610612753
Nik Stauskas,SG,24,6,0,45,1,4,0.25,0,1,0.0,1,3.0,0.333,0.25,2,2.0,1.0,0,1,1,1,4.0,0.0,4.0,3.0,4.0,7,1610612755
Nik Stauskas,SG,24,35,0,478,59,150,0.393,40,99,0.404,19,51.0,0.373,0.527,19,27.0,0.704,4,59,63,38,5.0,4.0,22.0,21.0,177.0,14,1610612751
Lance Stephenson,SG,27,82,7,1850,303,709,0.427,67,232,0.289,236,477.0,0.495,0.475,84,127.0,0.661,62,362,424,235,46.0,17.0,131.0,177.0,757.0,17,1610612754
David Stockton,PG,26,3,0,9,2,3,0.667,2,3,0.667,0,0.0,1.0,4.0,4,1.0,0.0,0,0,0,0,0.0,1.0,3.0,10.0,385.0,19,1610612762
Julyan Stone,SG,29,23,0,175,6,13,0.462,6,13,0.462,0,0.0,0.692,1.0,2,0.5,1.0,28,29,26,4,2.0,7.0,21.0,19.0,385.0,10,1610612766
Edmond Sumner,PG,22,1,0,2,1,1,1.0,0,0,1.0,1,1.0,1.0,0.0,0,0.0,1.0,1,0,0,0,0.0,1.0,2.0,81.0,385.0,17,1610612754
Caleb Swanigan,PF,20,27,3,189,24,60,0.4,1,8,0.125,23,52.0,0.442,0.408,12,18.0,0.667,15,39,54,14,5.0,3.0,18.0,37.0,61.0,16,1610612757
Jayson Tatum,SF,19,80,80,2438,397,835,0.475,105,242,0.434,292,593.0,0.492,0.538,213,258.0,0.826,50,352,402,128,83.0,58.0,114.0,170.0,1112.0,20,1610612738
Isaiah Taylor,PG,23,67,9,1167,163,390,0.418,20,80,0.25,143,310.0,0.461,0.444,99,141.0,0.702,22,72,94,206,34.0,10.0,84.0,116.0,445.0,25,1610612737
Jeff Teague,PG,29,70,70,2311,354,794,0.446,84,228,0.368,270,566.0,0.477,0.499,202,239.0,0.845,24,185,209,492,102.0,23.0,177.0,171.0,994.0,8,1610612750
Marquis Teague,PG,24,3,0,74,4,16,0.25,1,4,0.25,3,12.0,0.25,0.281,2,5.0,0.4,1,5,6,13,4.0,0.0,3.0,5.0,11.0,29,1610612763
Mirza Teletovic,PF,32,10,0,159,25,57,0.439,21,45,0.467,4,12.0,0.333,0.623,0,0.0,3.0,20,23,10,4,1.0,7.0,14.0,71.0,385.0,15,1610612749
Garrett Temple,SG,31,65,35,1615,199,476,0.418,89,227,0.392,110,249.0,0.442,0.512,60,78.0,0.769,22,130,152,124,57.0,27.0,79.0,135.0,547.0,30,1610612758
Milos Teodosic,PG,30,45,36,1134,151,360,0.419,88,232,0.379,63,128.0,0.492,0.542,39,46.0,0.848,16,110,126,209,23.0,5.0,97.0,103.0,429.0,9,1610612746
Jason Terry,SG,40,51,4,814,59,154,0.383,40,115,0.348,19,39.0,0.487,0.513,8,9.0,0.889,5,43,48,59,42.0,13.0,25.0,52.0,166.0,15,1610612749
Daniel Theis,C,25,63,3,936,126,233,0.541,18,58,0.31,108,175.0,0.617,0.579,61,81.0,0.753,90,184,274,56,30.0,48.0,56.0,157.0,331.0,20,1610612738
Isaiah Thomas,PG,28,15,14,406,70,194,0.361,22,87,0.253,48,107.0,0.449,0.418,59,68.0,0.868,7,24,31,68,9.0,2.0,41.0,25.0,221.0,5,1610612739
Isaiah Thomas,PG,28,17,1,456,87,227,0.383,33,101,0.327,54,126.0,0.429,0.456,58,63.0,0.921,10,26,36,85,6.0,1.0,54.0,33.0,265.0,11,1610612747
Lance Thomas,PF,29,73,31,1353,102,267,0.382,50,124,0.403,52,143.0,0.364,0.476,44,53.0,0.83,44,131,175,44,30.0,14.0,40.0,134.0,298.0,18,1610612752
Klay Thompson,SG,27,73,73,2506,575,1179,0.488,229,521,0.44,346,658.0,0.526,0.585,82,98.0,0.837,31,246,277,185,55.0,34.0,128.0,117.0,1461.0,1,1610612744
Tristan Thompson,C,26,53,22,1072,132,235,0.562,0,0,132.0,235,0.562,0.562,43.0,79,0.544,126.0,226,352,33,16,17.0,36.0,102.0,307.0,385.0,5,1610612739
Sindarius Thornwell,SG,23,73,17,1156,100,233,0.429,23,61,0.377,77,172.0,0.448,0.479,59,88.0,0.67,33,107,140,68,48.0,25.0,53.0,125.0,282.0,9,1610612746
Anthony Tolliver,PF,32,79,14,1757,219,472,0.464,159,365,0.436,60,107.0,0.561,0.632,106,133.0,0.797,50,191,241,90,32.0,21.0,58.0,144.0,703.0,22,1610612765
Karl-Anthony Towns,C,22,82,82,2918,639,1172,0.545,120,285,0.421,519,887.0,0.585,0.596,345,402.0,0.858,238,774,1012,199,64.0,115.0,159.0,285.0,1743.0,8,1610612750
P.J. Tucker,PF,32,82,34,2281,172,441,0.39,115,310,0.371,57,131.0,0.435,0.52,43,60.0,0.717,93,364,457,77,78.0,26.0,74.0,205.0,502.0,2,1610612745
Evan Turner,SF,29,79,40,2034,258,577,0.447,42,132,0.318,216,445.0,0.485,0.484,91,107.0,0.85,30,214,244,173,47.0,29.0,99.0,163.0,649.0,16,1610612757
Myles Turner,C,21,65,62,1836,306,639,0.479,56,157,0.357,250,482.0,0.519,0.523,160,206.0,0.777,93,324,417,87,38.0,118.0,96.0,186.0,828.0,17,1610612754
Ekpe Udoh,C,30,63,3,810,60,120,0.5,0,1,0.0,60,119.0,0.504,0.5,42,56.0,0.75,68,82,150,53,43.0,74.0,20.0,105.0,162.0,19,1610612762
Tyler Ulis,PG,22,71,43,1658,214,551,0.388,42,146,0.288,172,405.0,0.425,0.426,84,101.0,0.832,24,104,128,311,70.0,7.0,127.0,120.0,554.0,21,1610612756
Jonas Valanciunas,C,25,77,77,1727,390,687,0.568,30,74,0.405,360,613.0,0.587,0.59,170,211.0,0.806,183,477,660,81,29.0,69.0,115.0,192.0,980.0,4,1610612761
Denzel Valentine,SG,24,77,37,2095,301,721,0.417,143,370,0.386,158,351.0,0.45,0.517,38,51.0,0.745,48,345,393,244,65.0,11.0,99.0,185.0,783.0,26,1610612741
Fred VanVleet,PG,23,76,0,1520,232,545,0.426,108,261,0.414,124,284.0,0.437,0.525,84,101.0,0.832,25,159,184,243,68.0,19.0,74.0,130.0,656.0,4,1610612761
Rashad Vaughn,SG,21,22,0,173,21,50,0.42,13,35,0.371,8,15.0,0.533,0.55,4,6.0,0.667,2,15,17,12,4.0,3.0,4.0,12.0,59.0,15,1610612749
Rashad Vaughn,SG,21,1,0,4,0,0,0.0,0,0,0.0,0,0.0,0.0,0.0,0,1.0,0.0,0,0,1,0,24.0,10.0,38.0,81.0,385.0,14,1610612751
Rashad Vaughn,SG,21,5,0,35,2,6,0.333,1,2,0.5,1,4.0,0.25,0.417,0,0.0,1.0,3,4,0,1,0.0,2.0,2.0,5.0,385.0,24,1610612753
Noah Vonleh,PF,22,33,12,476,47,96,0.49,2,6,0.333,45,90.0,0.5,0.5,23,31.0,0.742,35,132,167,13,6.0,11.0,15.0,42.0,119.0,16,1610612757
Noah Vonleh,PF,22,21,4,399,57,138,0.413,18,60,0.3,39,78.0,0.5,0.478,13,27.0,0.481,35,109,144,21,13.0,6.0,16.0,26.0,145.0,26,1610612741
Nikola Vucevic,C,27,57,57,1683,399,840,0.475,64,204,0.314,335,636.0,0.527,0.513,77,94.0,0.819,101,422,523,191,56.0,62.0,109.0,144.0,939.0,24,1610612753
Dwyane Wade,SG,36,46,3,1069,198,435,0.455,23,70,0.329,175,365.0,0.479,0.482,94,134.0,0.701,39,142,181,163,42.0,32.0,92.0,84.0,513.0,5,1610612739
Dwyane Wade,SG,36,21,0,467,101,247,0.409,9,41,0.22,92,206.0,0.447,0.427,41,55.0,0.745,11,60,71,65,19.0,15.0,48.0,40.0,252.0,23,1610612748
Dion Waiters,SG,26,30,30,918,163,410,0.398,52,170,0.306,111,240.0,0.463,0.461,51,69.0,0.739,8,69,77,113,23.0,9.0,70.0,61.0,429.0,23,1610612748
Kemba Walker,PG,27,80,80,2736,588,1363,0.431,231,601,0.384,357,762.0,0.469,0.516,363,420.0,0.864,32,216,248,444,91.0,24.0,179.0,98.0,1770.0,10,1610612766
John Wall,PG,27,41,41,1410,280,667,0.42,62,167,0.371,218,500.0,0.436,0.466,175,241.0,0.726,22,128,150,393,57.0,45.0,158.0,80.0,797.0,13,1610612764
Tyrone Wallace,PG,23,30,19,851,110,247,0.445,10,40,0.25,100,207.0,0.483,0.466,61,78.0,0.782,21,84,105,71,27.0,13.0,46.0,83.0,291.0,9,1610612746
Taurean Waller-Prince,SF,23,82,82,2464,415,975,0.426,176,457,0.385,239,518.0,0.461,0.516,152,180.0,0.844,50,339,389,214,85.0,42.0,191.0,168.0,1158.0,25,1610612737
Derrick Walton,PG,22,16,0,147,8,25,0.32,7,17,0.412,1,8.0,0.125,0.46,6,6.0,1.0,2,14,16,16,7.0,3.0,2.0,7.0,29.0,23,1610612748
Jameel Warney,PF,24,3,0,27,7,12,0.583,0,0,7.0,12,0.583,0.583,3.0,5,0.6,4.0,5,9,0,0,0.0,1.0,2.0,17.0,385.0,28,1610612742
T.J. Warren,SF,24,65,65,2142,529,1063,0.498,20,90,0.222,509,973.0,0.523,0.507,193,255.0,0.757,125,208,333,85,65.0,41.0,85.0,149.0,1271.0,21,1610612756
Travis Wear,SF,27,17,0,228,25,72,0.347,17,47,0.362,8,25.0,0.32,0.465,8,8.0,1.0,0,38,38,7,4.0,5.0,6.0,30.0,75.0,11,1610612747
James Webb,SF,24,10,0,120,6,24,0.25,4,19,0.211,2,5.0,0.4,0.333,0,0.0,8.0,16,24,4,1,0.0,4.0,10.0,16.0,385.0,14,1610612751
Briante Weber,PG,25,13,0,118,9,22,0.409,4,9,0.444,5,13.0,0.385,0.5,4,4.0,1.0,3,15,18,13,10.0,3.0,7.0,18.0,26.0,2,1610612745
Briante Weber,PG,25,5,0,119,10,21,0.476,0,2,0.0,10,19.0,0.526,0.476,4,6.0,0.667,5,12,17,9,8.0,2.0,8.0,10.0,24.0,29,1610612763
David West,C,37,73,0,999,216,378,0.571,3,8,0.375,213,370.0,0.576,0.575,60,79.0,0.759,64,174,238,138,47.0,75.0,80.0,120.0,495.0,1,1610612744
Russell Westbrook,PG,29,80,80,2914,757,1687,0.449,97,326,0.298,660,1361.0,0.485,0.477,417,566.0,0.737,152,652,804,820,147.0,20.0,381.0,200.0,2028.0,12,1610612760
Andrew White,SF,24,15,0,209,25,73,0.342,18,49,0.367,7,24.0,0.292,0.466,1,4.0,0.25,4,30,34,6,3.0,1.0,8.0,12.0,69.0,25,1610612737
Derrick White,PG,23,17,0,139,16,33,0.485,8,13,0.615,8,20.0,0.4,0.606,14,20.0,0.7,5,21,26,9,4.0,3.0,6.0,8.0,54.0,27,1610612759
Okaro White,PF,25,6,4,80,7,16,0.438,4,11,0.364,3,5.0,0.6,0.563,2,3.0,0.667,3,8,11,2,1.0,1.0,1.0,6.0,20.0,23,1610612748
Isaiah Whitehead,PG,22,16,0,180,40,86,0.465,7,18,0.389,33,68.0,0.485,0.506,13,19.0,0.684,4,22,26,20,8.0,2.0,24.0,23.0,100.0,14,1610612751
Hassan Whiteside,C,28,54,54,1364,312,578,0.54,2,2,1.0,310,576.0,0.538,0.542,128,182.0,0.703,174,444,618,54,37.0,94.0,92.0,131.0,754.0,23,1610612748
Andrew Wiggins,SF,22,82,82,2979,569,1300,0.438,112,338,0.331,457,962.0,0.475,0.481,202,314.0,0.643,82,276,358,160,91.0,51.0,138.0,163.0,1452.0,8,1610612750
Jacob Wiley,PF,23,5,0,33,1,4,0.25,1,2,0.5,0,2.0,0.0,0.375,1,2.0,0.5,2,9,11,2,1.0,0.0,0.0,4.0,4.0,14,1610612751
Damien Wilkins,SF,38,19,1,152,13,39,0.333,4,18,0.222,9,21.0,0.429,0.385,3,4.0,0.75,5,11,16,9,2.0,1.0,5.0,7.0,33.0,17,1610612754
Alan Williams,PF,25,5,0,70,7,18,0.389,0,0,7.0,18,0.389,0.389,6.0,9,0.667,3.0,19,22,8,5,1.0,7.0,13.0,20.0,385.0,21,1610612756
C.J. Williams,SG,27,38,17,707,87,197,0.442,22,78,0.282,65,119.0,0.546,0.497,13,16.0,0.813,12,44,56,43,31.0,13.0,20.0,63.0,209.0,9,1610612746
Derrick Williams,PF,26,2,0,9,1,4,0.25,0,2,0.0,1,2.0,0.5,0.25,0,0.0,0.0,1,1,0,0,0.0,0.0,0.0,2.0,385.0,11,1610612747
Lou Williams,SG,31,79,19,2589,582,1337,0.435,186,518,0.359,396,819.0,0.484,0.505,432,491.0,0.88,40,158,198,417,85.0,19.0,234.0,106.0,1782.0,9,1610612746
Marvin Williams,PF,31,78,78,2006,258,563,0.458,126,305,0.413,132,258.0,0.512,0.57,102,123.0,0.829,74,296,370,96,56.0,38.0,66.0,116.0,744.0,10,1610612766
Matt Williams,SG,24,3,0,11,2,6,0.333,1,5,0.2,1,1.0,1.0,0.417,0,0.0,0.0,1,1,0,0,0.0,1.0,1.0,5.0,385.0,23,1610612748
Troy Williams,SF,23,4,0,17,2,9,0.222,0,5,0.0,2,4.0,0.5,0.222,1,3.0,0.333,1,3,4,1,1.0,0.0,1.0,2.0,5.0,2,1610612745
Troy Williams,SF,23,17,1,290,49,100,0.49,11,33,0.333,38,67.0,0.567,0.545,19,27.0,0.704,21,38,59,15,19.0,4.0,18.0,32.0,128.0,18,1610612752
D.J. Wilson,PF,21,22,0,71,9,16,0.563,2,5,0.4,7,11.0,0.636,0.625,1,2.0,0.5,2,8,10,3,3.0,1.0,4.0,7.0,21.0,15,1610612749
Jamil Wilson,SF,27,15,10,274,38,81,0.469,27,63,0.429,11,18.0,0.611,0.636,2,4.0,0.5,3,29,32,10,5.0,8.0,8.0,34.0,105.0,9,1610612746
Justise Winslow,PF,21,68,25,1680,207,488,0.424,49,129,0.38,158,359.0,0.44,0.474,66,104.0,0.635,64,306,370,148,54.0,33.0,77.0,140.0,529.0,23,1610612748
Jeff Withey,C,27,9,0,39,6,16,0.375,2,10,0.2,4,6.0,0.667,0.438,1,2.0,0.5,1,9,10,0,0.0,3.0,2.0,3.0,15.0,28,1610612742
Nate Wolters,PG,26,5,0,19,1,6,0.167,0,0,1.0,6,0.167,0.167,0.0,0,1.0,1.0,2,1,0,0,0.0,1.0,2.0,81.0,385.0,19,1610612762
Brandan Wright,PF,30,27,1,366,57,99,0.576,0,0,57.0,99,0.576,0.576,21.0,33,0.636,32.0,61,93,13,13,25.0,8.0,29.0,135.0,385.0,29,1610612763
Brandan Wright,PF,30,1,0,15,2,3,0.667,0,0,2.0,3,0.667,0.667,0.0,0,1.0,1.0,2,0,0,1,0.0,3.0,4.0,81.0,385.0,2,1610612745
Delon Wright,PG,25,69,4,1433,201,432,0.465,56,153,0.366,145,279.0,0.52,0.53,97,117.0,0.829,45,153,198,200,72.0,33.0,78.0,81.0,555.0,4,1610612761
Guerschon Yabusele,PF,22,33,4,235,26,61,0.426,12,37,0.324,14,24.0,0.583,0.525,15,22.0,0.682,17,35,52,16,4.0,5.0,12.0,23.0,79.0,20,1610612738
James Young,SG,22,6,0,61,5,14,0.357,3,10,0.3,2,4.0,0.5,0.464,4,6.0,0.667,0,2,2,2,0.0,0.0,1.0,4.0,17.0,7,1610612755
Joe Young,PG,25,53,1,558,80,186,0.43,25,66,0.379,55,120.0,0.458,0.497,22,29.0,0.759,12,51,63,39,14.0,1.0,26.0,39.0,207.0,17,1610612754
Nick Young,SG,32,80,8,1393,201,488,0.412,123,326,0.377,78,162.0,0.481,0.538,56,65.0,0.862,20,105,125,36,38.0,7.0,39.0,100.0,581.0,1,1610612744
Thaddeus Young,PF,29,81,81,2607,421,864,0.487,58,181,0.32,363,683.0,0.531,0.521,55,92.0,0.598,184,328,512,152,135.0,36.0,105.0,175.0,955.0,17,1610612754
Cody Zeller,C,25,33,0,627,85,156,0.545,2,3,0.667,83,153.0,0.542,0.551,61,85.0,0.718,67,110,177,31,14.0,21.0,33.0,81.0,233.0,10,1610612766
Tyler Zeller,C,28,42,33,703,125,229,0.546,10,26,0.385,115,203.0,0.567,0.568,40,60.0,0.667,63,131,194,28,8.0,21.0,35.0,78.0,300.0,14,1610612751
Tyler Zeller,C,28,24,1,406,62,105,0.59,0,2,0.0,62,103.0,0.602,0.59,17,19.0,0.895,47,64,111,19,7.0,14.0,12.0,48.0,141.0,15,1610612749
Paul Zipser,SF,23,54,12,824,81,234,0.346,37,110,0.336,44,124.0,0.355,0.425,19,25.0,0.76,13,118,131,46,20.0,15.0,43.0,86.0,218.0,26,1610612741
Ante Zizic,C,21,32,2,214,49,67,0.731,0,0,49.0,67,0.731,0.731,21.0,29,0.724,24.0,36,60,5,2,13.0,11.0,30.0,119.0,385.0,5,1610612739
Ivica Zubac,C,20,43,0,410,61,122,0.5,0,1,0.0,61,121.0,0.504,0.5,39,51.0,0.765,45,78,123,25,8.0,15.0,26.0,47.0,161.0,11,1610612747
